INSERT INTO `users` (`id`, `username`, `password`, `first_name`, `last_name`, `gender`, `birthday`, `role`, `enable`) VALUES
('1',	'adaly.mcmaho6893@mail2web.com',	'$2a$10$yKyJ7kGclKPI61B8PGR2oug98aNGq762/Q.WLOPH6MHggMmlHInmC', 'Adalynn',		'Mcmahon', 		'F', '1980-09-14', 0, '1'),
('2',	'add.rho5638@hushmail.com', 	 	'$2a$10$t.KKhPVabMcdlGEaN4dtPO8gRs7667k6JQVDhzpdlLYh2jZFqjc8u', 'Addison', 		'Rhodes', 		'F', '1994-09-02', 0, '1'),
('3',	'ala.est7801@gmail.com', 			'$2a$10$VbJs..Jbn9bZLCy6v3Cu8e12abk8zxpsJq7xlMI/qlgjdzr1CeKn6', 'Alani', 		'Estes', 		'F', '1966-12-21', 0, '1'),
('4',	'alex.graha7569@hushmail.com',		'$2a$10$sUDcrRp/HedZdvRCVyK7iOTnp2lDDoGszc7ESZ46k67uZd5Uuv/.S', 'Alexander',	'Graham', 		'M', '1998-02-19', 0, '1'),
('5',	'amy.boo1835@yahoo.com', 			'$2a$10$6kB2vXwcq8oBAw16uKXTLOSShDD6VhuPQKFMuwl38M6A3ACNwuaA2', 'Amya', 		'Booth', 		'F', '1957-01-23', 0, '1'),
('6',	'anakinskywalker@gmail.com', 		'$2a$10$DsJJnPVwm63/dlEplEwnQO0uyDdEs5E9a95cHMsC9phmb5jVbf1eG', 'Anakin', 		'Skywalker',	'M', '1970-01-06', 1, '1'),
('7',	'annabel.cook8674@yahoo.com', 		'$2a$10$G8ni6xL9VmJMPW1vmFtLh.ci1vItyGLNccqWQnkST4Vjwv8drDG8e', 'Annabell', 	'Cook', 		'F', '1977-02-13', 0, '1'),
('8',	'ar.daug9155@hushmail.com', 		'$2a$10$Ieynjrb3zvegissiwNlkTendBpibrV23raWy1VWWmpfJS4qND49c.', 'Ari', 			'Daugherty', 	'F', '1971-04-08', 0, '1'),
('9',	'ari.benjam3646@gmail.com', 		'$2a$10$hW7L94siQrGN55d7tbjAK.XWt/WlVuf9vravVio49VFjyZzx6cJ.S', 'Arielle', 		'Benjamin', 	'F', '1973-12-07', 1, '1'),
('10',	'aristotelesfilosufus@gmail.com', 	'$2a$10$oMrlNCVy46hOaanRAphhveSk3SqZl6ke6v/XdaLGFp0PXs0UmkkIu', 'Aristoteles', 	'Filosufus', 	'M', '1943-05-16', 0, '1'),
('11',	'arm.dorse7807@hushmail.com', 		'$2a$10$RaQ/Zm/n78CR0Z2N9Ak1suRsh4v4nY9S8aG93wdMB7tT4CGt9nU/K', 'Armani', 		'Dorsey', 		'M', '1956-03-27', 0, '1'),
('12',	'aryan.bonner9327@yahoo.com', 		'$2a$10$fmNKMgU.52ct/OQa2.MadOelzCX0s/1XYRMKkdyaL2DN.RYPeHgxm', 'Aryana', 		'Bonner', 		'F', '1983-07-24', 0, '1'),
('13',	'bobby.logan4620@yahoo.com', 		'$2a$10$a/f4j1Kr6Z7yvCQnVp5XoOPY/EYfoGRgJ60Z.mWW047MLpodO6hry', 'Bobby', 		'Logan', 		'M', '1979-04-20', 0, '1'),
('14',	'bro.nash9102@hushmail.com', 		'$2a$10$h/423FvzVI2WovlHLtjiHunpFosg2nwNIxvN0XD1.POUNzfI6kfD6', 'Brock', 		'Nash', 		'M', '1987-09-08', 0, '1'),
('15',	'brooklyn.wats3614@yahoo.com', 		'$2a$10$NLcqxtl8.Twak8I7fNdJA.aGPbzpwHdXin/wlY4AFTV6k4m7vZzs.', 'Brooklyn', 	'Watson', 		'F', '1971-01-30', 0, '1'),
('16',	'co.new2378@live.com', 				'$2a$10$SqrSXmLJoJzBVUMwAyyzfeGxrpsUlAIL3H8sTgNWAlII.MM0OXCDy', 'Cora', 		'Newman', 		'F', '1988-09-29', 2, '1'),
('17',	'colt.simp5670@hushmail.com', 		'$2a$10$boZwpO9c5hgOQmY6eh.Z9egAADWe8.nWYFA.mYjPGeUBm112vFTLa', 'Colt', 		'Simpson', 		'M', '1979-07-09', 0, '1'),
('18',	'daenerys@gmail.com', 				'$2a$10$oOH22PQ2x2uUsH3VEDyXauusO9/ez6WqiROvQmqU0LsxWSk4mrtTG', 'Daenerys', 	'Targaryen', 	'F', '1995-04-13', 1, '1'),
('19',	'esmer.arno2303@mail2web.com', 		'$2a$10$km4CwtgnLU0riUXFi/X9FeXwFdH.dSnPCagwsUoBXK0WHEIyzWsCK', 'Esmeralda', 	'Arnold', 		'F', '1990-09-05', 0, '1'),
('20',	'fel.gree3616@yahoo.com', 			'$2a$10$gwXjsSzZuyT6abu322Xy9e4clSgp/5uuY6ZwxORSW/MLxIr.sdyIy', 'Felipe', 		'Green', 		'M', '1989-08-05', 0, '1'),
('21',	'gandalf@gmail.com', 				'$2a$10$Yr0QCNt3wtnw7uq31OWUnOzWZWEVXJluzwYOd7v3GGUD0QvH//y4q', 'Gandalf', 		'El Blanco', 	'M', '1976-03-08', 0, '1'),
('22',	'hay.whi7187@yahoo.com', 			'$2a$10$/5nzHWIT8I69guOlA/0.E.n3SeYPjXJCqyU.8iJZcAgX17VXnp0Ai', 'Haylie', 		'White', 		'F', '1976-05-18', 0, '1'),
('23',	'hayle.mcle9777@gmail.com', 		'$2a$10$4p5oZ8SFs2RcF9/OGrTmrOhqvj.pDnWzDnf3RdiBBokz3rltrggDW', 'Hayley', 		'Mcleod', 		'F', '1978-02-12', 0, '1'),
('24',	'heisenbergrules@gmail.com', 		'$2a$10$E/O4mE.vN3NcaQ0/aUvEN.Ae7.0OnQ1xZlC6BqdNoMzAYfh/sU71m', 'Walter', 		'White', 		'M', '1969-07-17', 1, '1'),
('25',	'izay.hoover2229@hushmail.com', 	'$2a$10$LhMzae5RrM2NrKbl9rNBKOVCALA7USkER6X03gzkADd/XzsCmgTNe', 'Izayah', 		'Hoover', 		'M', '2000-05-26', 0, '1'),
('26',	'jaime.russe9205@live.com', 		'$2a$10$srNyjCky6T4F4EzjCgaL5OvZbNEM4mIzeKZpLwP8c3aQIfMqkP1j6', 'Jaime', 		'Russell', 		'M', '1988-06-05', 0, '1'),
('27',	'jaycob.alford9843@gmail.com',		'$2a$10$vEU5iirovH8gt81ZIBNcVOHV/wPggQqCarxx7cuoxF8DYoDo6JQwW', 'Jaycob', 		'Alford', 		'M', '1963-11-27', 0, '1'),
('28',	'jere.fost9895@yahoo.com', 			'$2a$10$tQ1pPyAjzS12WVICAdemueAgGysJgObxiz/YqjnlyYBiMJvwoAOji', 'Jeremiah', 	'Foster', 		'M', '1992-11-07', 0, '1'),
('29',	'jim.caldwe4920@live.com', 			'$2a$10$eXMMJPkLabcSEj.59.qnt.f4QKI0Cm9khSW3UphpiQqi1exQ7q7Tm', 'Jimmy', 		'Caldwell', 	'M', '1977-04-28', 0, '1'),
('30',	'kamde.cohe2053@yahoo.com', 		'$2a$10$m.nL9rXGhbqgUtkArYmklOOgp7L684BLDFDNjpfs.UlZw6Msm9C0C', 'Kamden', 		'Cohen', 		'M', '2003-03-13', 0, '1'),
('31',	'kasey.schneider4625@mail2web.com',	'$2a$10$hFCvjsLg8NsX36EPiSHnLufWwSsdyT7bAjIIQaz5T323zYA12Yf0y', 'Kasey', 		'Schneider', 	'F', '1969-10-15', 0, '1'),
('32',	'kat.mcconn9702@yahoo.com', 		'$2a$10$votXzMq87za9DX.dg29BMerr64/qIj4xncTwsJCOw5TqIVbn5E8Se', 'Kate', 		'Mcconnell', 	'F', '1985-03-31', 1, '1'),
('33',	'kayli.chaney5293@mail2web.com', 	'$2a$10$QBm/ipyCfmf/BWFuUnmxWe9aO7NYGoTVQAnune.jrtbYTS9F030LC', 'Kaylie', 		'Chaney', 		'F', '1948-08-12', 0, '1'),
('34',	'kenned.bro3729@yahoo.com', 		'$2a$10$Xmo50sPYMl13/mME.bXDaOeoeEWfQgir0nnedU24lVUucqIbpG5Dq', 'Kennedy', 		'Brock', 		'M', '1997-06-03', 0, '1'),
('35',	'libe.cr1234@gmail.com', 			'$2a$10$Tm5AqgeS61QdmShV2PFkhuSICR5u5zp/cx7Dsf3ikWBbHMhev2qlm', 'Liberty', 		'Craft', 		'F', '1994-03-10', 0, '1'),
('36',	'lilya.ter5361@mail2web.com', 		'$2a$10$KV.i2voEONltSgem8S6nh.KvIbb6PSd/vzEMdDgGAyhqfFqsV/1/u', 'Lilyanna',		'Terry', 		'F', '1960-01-19', 0, '1'),
('37',	'london.blanchar8914@gmail.com', 	'$2a$10$zZcDQRH9lwzQj5d3PGgRsOZIut1KMPvFbYVQRufLTNp/Pbu1atgge', 'London', 		'Blanchard', 	'F', '1975-02-25', 0, '1'),
('38',	'luc.rus2432@gmail.com', 			'$2a$10$ZE4RuNbHkOy3vr6hoQYr4u/vcx/xdGaGK6pjeZ2tttT5H2d3oU5jO', 'Lucy', 		'Russell', 		'F', '2006-06-18', 0, '1'),
('39',	'magiapura@realmadrid.com', 		'$2a$10$9Ww2loFWeNvH5s51Q5R/buHlGCcPLO9qlkZvIOSkN6.Xz2AJWYdmW', 'Zinedine', 	'Zidane', 		'M', '1972-06-23', 2, '1'),
('40',	'marian.hou9120@gmail.com', 		'$2a$10$WeuyKyjiY93cB/vXJdnB7uqOySJ/k52Aw6RO5mbFZ75T2ymsHGsou', 'Mariana', 		'House', 		'F', '1999-11-07', 0, '1'),
('41',	'max.sears4026@yahoo.com', 			'$2a$10$Sjv/VEqNorhIXeZumbV7yuM0Sm/U2XMvoxTtw.4tBgLH.WtdkzV6K', 'Maxwell', 		'Sears', 		'M', '1991-09-03', 0, '1'),
('42',	'maximilia.ro3128@gmail.com', 		'$2a$10$n26Epyk4pfkI38LrEBtAm.0X1Zt27v7KmfWmm9lfgyP./IjIN.G0m', 'Maximilian', 	'Rowe', 		'M', '1961-07-19', 1, '1'),
('43',	'mos.fue4434@gmail.com', 			'$2a$10$x6TBfkMnT8SHx8FE8S0Iz.aahF6Fn7GVFnAJVifD.6YlRasjBGutG', 'Moshe', 		'Fuentes', 		'F', '1959-07-17', 0, '1'),
('44',	'nasi.staf3758@live.com', 			'$2a$10$TV/xEJWfcAuhSwvkmkFth.iNAvVfFtFN.F.DtpzquWhBQAii17cYq', 'Nasir', 		'Stafford', 	'M', '1952-02-28', 0, '1'),
('45',	'neo@ucr.ac.cr', 					'$2a$10$urt9JUnEa3Cs7BBQebU4h.UpL5h13IokKGtNN1ApDLk3AzFZ.YWNS', 'Thomas', 		'Anderson', 	'M', '1986-07-18', 2, '1'),
('46',	'pa.vazque8156@live.com', 			'$2a$10$MqwDoJNa.1YS8aBPjNzQnOz6s4v73I0HaniXeUxKIRX4EgAfVfuNm', 'Paul', 		'Vazquez', 		'M', '1985-08-11', 0, '1'),
('47',	'papafrancisco@gmail.com', 			'$2a$10$UgJCXMH9NRy1Wxl737Hkj.lHZ3Gl.K4smSHLhvvnzYrKGjgJR97lS', 'Jorge', 		'Bergoglio', 	'M', '1936-12-17', 1, '1'),
('48',	'ray.dillar5149@yahoo.com', 		'$2a$10$.Gi5j.1sa9HiG1KyulHY4.i5gA0oor0AMyT3CXe6eI/c.xjnxiBq6', 'Rayan', 		'Dillard',	 	'M', '1984-04-04', 0, '1'),
('49',	'samir.gar7260@live.com', 			'$2a$10$7N4wVlelSpnaXJbDzVVhJO6YczGi8KSUmmw3h5xkKIXa1CVHWSA4a', 'Samir', 		'Garza',		'M', '1994-10-31', 0, '1'),
('50',	'sky.hill9440@live.com', 			'$2a$10$5bSvACYtjw3h.v.SCcN7Eujn2E7om50S3/W2k/t681KaRl2hBa2kG', 'Skyler', 		'Hill', 		'F', '1968-08-04', 2, '1'),
('51',	'ster.booker1708@yahoo.com', 		'$2a$10$xvp98Z5HqBFHw/gNHDX1p.2gaYDU5dsg2Qh85UvGg9qBrIzxur4/u', 'Sterling', 	'Booker', 		'M', '1972-01-29', 0, '1'),
('52',	'susanacerdas@gmail.com', 			'$2a$10$qCBqNpDKJG99bUXak/OJ9OgHPHbh5XIkD9QdnJP42dJ3mbl9h5/Ay', 'Susana', 		'Aguilar', 		'F', '1988-01-20', 1, '1'),
('53',	'admin@gmail.com',					'$2a$10$r0DgkEsvTlXMRoXsPblQ4eXmoT1CsOLBm0GQe.IWTzjwdfvUnYMYS', 'Jose',			'Jimenez', 		'M', '1992-05-09', 1, '1'), -- password: adminadmin
('54',	'manager@gmail.com',				'$2a$10$gDcPSmZkvVy3rqzOZ0oJFubUfiml.1k06yaI.Cpat605WaeIKXAD6', 'Jose',			'Jimenez', 		'M', '1992-05-09', 2, '1'), -- password: managermanager
('55',	'cliente@gmail.com',				'$2a$10$foK1y3K4jn/ZI/artvvPdezOgelv2sfAUFvSkyH9oMIRxY9Vbk.Qq', 'Jose',			'Jimenez', 		'M', '1992-05-09', 0, '1'); -- password: clientecliente

INSERT INTO addresses ( user_id, type, country, state, zipcode, full_address ) VALUES
	(	1,		'Entrega',		'United States',	'Massachusetts',	'02086',	'2956 Princeton, Boston, Massachusetts, United States, 02086'							),
	(	1,		'Entrega',		'United States',	'Texas',			'02087',	'2957 Hawthorne, Dallas, Texas, United States, 02087'									),	
	(	2,		'Domicilio',	'United States',	'Iowa', 			'50339',	'258 122nd, Des Moines, Iowa, United States, 50339'									 	),
	(	3,		'Entrega',		'United States',	'Texas', 			'78232',	'9156 Bryn Mawr Av, Corpus Christi, Texas, United States, 78232'						),
	(	4,		'Entrega',		'United States',	'California', 		'94074',	'4802 Morse, Oakland, California, United States, 94074'									),
	(	5,		'Entrega',		'United States',	'Texas', 			'75969',	'350 Hawthorne, Dallas, Texas, United States, 75969'									),
	(	6,		'Domicilio', 	'United States',	'Texas', 			'76731',	'780 Lowell, Fort Worth, Texas, United States, 76731'									),
	(	7,		'Entrega', 		'United States',	'Texas', 			'70186',	'6593 66th, Houston, Texas, United States, 70186'									 	),
	(	8,		'Entrega', 		'United States',	'Pennsylvania', 	'19265',	'1392 29th, Philadelphia, Pennsylvania, United States, 19265'							),
	(	9,		'Domicilio',	'United States',	'Missouri', 		'65735',	'9958 Chicago Skyway Indianapolis Av, Springfield, Missouri, United States, 65735'		),
	(	10,		'Domicilio',	'United States',	'California', 		'95709',	'6918 34th, Sacramento, California, United States, 95709'								),
	(	11,		'Entrega', 		'United States',	'California', 		'92815',	'2479 Navarre, Anaheim, California, United States, 92815'								),
	(	12,		'Domicilio', 	'United States',	'Colorado', 		'80227',	'6090 Fork Chicago River, Lakewood, Colorado, United States, 80227'						),
	(	13,		'Entrega', 		'United States',	'Washington', 		'98099',	'520 84th, Bellevue, Washington, United States, 98099'									),
	(	14,		'Domicilio', 	'United States',	'Louisiana', 		'70023',	'7323 Granville, Baton Rouge, Louisiana, United States, 70023'							),
	(	15,		'Entrega', 		'United States',	'Massachusetts', 	'01181',	'9397 Granville, Springfield, Massachusetts, United States, 01181'						),
	(	16,		'Entrega', 		'United States',	'Alabama', 			'36196',	'7284 Elliott, Montgomery, Alabama, United States, 36196 '								),
	(	17,		'Domicilio', 	'United States',	'Colorado', 		'80519',	'6546 Seymour, Fort Collins, Colorado, United States, 80519'							),
	(	18,		'Entrega', 		'United States',	'Massachusetts', 	'02222',	'7337 55th, Boston, Massachusetts, United States, 02222'								),
	(	19,		'Domicilio', 	'United States',	'California', 		'91945',	'6019 Tahoma, Chula Vista, California, United States, 91945'							),
	(	20,		'Entrega', 		'United States',	'Colorado', 		'80298',	'5872 Byron, Thornton, Colorado, United States, 80298'									),
	(	21,		'Domicilio',	'United States',	'Georgia', 			'31382',	'1360 Naval Armory, Savannah, Georgia, United States, 31382'							),
	(	22,		'Domicilio', 	'United States',	'California', 		'92685',	'2103 Van Vlissingen, Santa Ana, California, United States, 92685'						),
	(	23,		'Domicilio', 	'United States',	'Colorado', 		'80571',	'1268 Hazel, Fort Collins, Colorado, United States, 80571'								),
	(	24,		'Entrega', 		'United States',	'Michigan', 		'49572',	'6834 Damen, Grand Rapids, Michigan, United States, 49572'								),
	(	25,		'Entrega', 		'United States',	'California', 		'94538',	'4557 Conservatory, Fremont, California, United States, 94538'							),
	(	26,		'Domicilio', 	'United States',	'Kansas', 			'66077',	'1291 Leyden, Olathe, Kansas, United States, 66077'									 	),
	(	27,		'Domicilio', 	'United States',	'Virginia', 		'22216',	'3092 Avenue L, Alexandria, Virginia, United States, 22216'								),
	(	28,		'Entrega', 		'United States',	'Virginia', 		'22236',	'7521 Cortland, Alexandria, Virginia, United States, 22236'								),
	(	29,		'Domicilio', 	'United States',	'Pennsylvania', 	'18156',	'6092 Walnut, Allentown, Pennsylvania, United States, 18156'							),
	(	30,		'Entrega', 		'United States',	'California', 		'91942',	'3054 Commonwealth, Chula Vista, California, United States, 91942'						),
	(	31,		'Domicilio', 	'United States',	'Utah', 			'84077',	'6431 Parnell, Provo, Utah, United States, 84077'									 	),
	(	32,		'Domicilio', 	'United States',	'New York', 		'10587',	'7178 Charles, New York, New York, United States, 10587'								),
	(	33,		'Entrega',		'United States',	'Kentucky', 		'40538',	'6835 Luella, Lexington, Kentucky, United States, 405380'								),
	(	34,		'Entrega',		'United States',	'Illinois', 		'61552',	'9935 Nettleton, Peoria, Illinois, United States, 61552'								),
	(	35,		'Entrega',		'United States',	'Illinois', 		'60258',	'9814 Nora, Chicago, Illinois, United States, 60258'									),
	(	36,		'Entrega',		'United States',	'Florida', 			'33804',	'6938 Mcdowell, Miami, Florida, United States, 33804'									),
	(	37,		'Domicilio',	'United States',	'Texas', 			'70174',	'4565 Conservatory, Houston, Texas, United States, 70174'								),
	(	38,		'Domicilio',	'United States',	'Indiana', 			'46467',	'8166 Russell, Indianapolis, Indiana, United States, 46467'								),
	(	39,		'Domicilio',	'United States',	'California', 		'90736',	'9694 122nd, Long Beach, California, United States, 90736 '								),
	(	40,		'Domicilio',	'United States',	'South Carolina', 	'29099',	'4119 Oak Park, Columbia, South Carolina, United States, 29099'							),
	(	41,		'Entrega', 		'United States',	'Massachusetts', 	'01121',	'4277 Weed, Springfield, Massachusetts, United States, 01121'							),
	(	42,		'Domicilio', 	'United States',	'Colorado', 		'80892',	'56 Brennan, Colorado Springs, Colorado, United States, 80892'							),
	(	43,		'Domicilio', 	'United States',	'Colorado', 		'80263',	'7919 Plymouth, Thornton, Colorado, United States, 80263'								),
	(	44,		'Entrega', 		'United States',	'Louisiana', 		'70854',	'9958 Keene, Baton Rouge, Louisiana, United States, 70854'								),
	(	45,		'Domicilio', 	'United States',	'Alaska', 			'99132',	'3914 Lundy, Anchorage, Alaska, United States, 99132'									),
	(	46,		'Entrega', 		'United States',	'Texas', 			'75008',	'7689 Hermione, Irving, Texas, United States, 75008'									),
	(	47,		'Entrega', 		'United States',	'Florida', 			'32895',	'2418 Sell, Orlando, Florida, United States, 32895'									 	),
	(	48,		'Domicilio', 	'United States',	'California', 		'93072',	'751 Jessie, Oxnard, California, United States, 93072'									),
	(	49,		'Entrega', 		'United States',	'Texas', 			'70181',	'4296 Vernon, Houston, Texas, United States, 70181'									 	),
	(	50,		'Domicilio', 	'United States',	'California', 		'95078',	'6835 Lsd Wacker Dr, San Jose, California, United States, 95078'						),
	(	51,		'Domicilio', 	'United States',	'California', 		'92377',	'3397 Dan Ryan 51st St, Fontana, California, United States, 92377'						),
	(	52,		'Entrega', 		'United States',	'California', 		'91901',	'1188 Reserve, Chula Vista, California, United States, 91901'							);

INSERT INTO valid_accounts ( issuer, account, name_Card, expiration, security_code, funds ) VALUES
	(	'Visa',				'6496041476353349',	'Adalynn Mcmahon',	'2023-07-01', 	'012',	10004.45	),
	(	'Visa', 			'6444377956515137',	'Addison Rhodes',	'2025-08-01',	'123',	500.87		),
	(	'Visa', 			'6464376427754650',	'Alani Estes',		'2021-07-01',	'234',	50.32		),
	(	'MasterCard', 		'36757744189906', 	'Alexander Graham',	'2024-09-01',	'345',	78.25		),
	(	'Visa', 			'6482529137034866', 'Anakin Skywalker',	'2023-01-01',	'456',	98.43		),
	(	'Visa', 			'6447856098248654', 'Annabell Cook',	'2023-02-01',	'567',	140.32		),
	(	'MasterCard', 		'36770040421295', 	'Ari Daugherty',	'2024-06-01',	'678',	780.55		),
	(	'AmericanExpress', '340957385013644', 	'Arielle Benjamin',	'2029-10-01',	'789',	450.58		),
	(	'MasterCard', 		'5138697811192977', 'Armani Dorsey',	'2025-07-01',	'890',	20.25		),
	(	'Visa', 			'1111111111111111', 'Nombre Uno',		'2020-7-01',	'111',	10000.00	),
	(	'Visa', 			'2222222222222222', 'Nombre Dos',		'2020-7-01',	'222',	10000.00	),
	(	'Visa', 			'3333333333333333', 'Nombre Tres',		'2020-7-01',	'333',	10000.00	),
	(	'MasterCard', 		'4444444444444444', 'Nombre Cuatro',	'2020-7-01',	'444',	10000.00	),
	(	'MasterCard', 		'5555555555555555', 'Nombre Cinco',		'2020-7-01',	'555',	10000.00	),
	(	'MasterCard', 		'6666666666666666', 'Nombre Seis',		'2020-7-01',	'666',	10000.00	),
	(	'AmericanExpress', 	'7777777777777777', 'Nombre Siete',		'2020-7-01',	'777',	10000.00	),
	(	'AmericanExpress', 	'8888888888888888', 'Nombre Ocho',		'2020-7-01',	'888',	10000.00	),
	(	'AmericanExpress', 	'9999999999999999', 'Nombre Nueve',		'2020-7-01',	'999',	10000.00	);

-- Este solo inserta valid_accounts para PayPal
INSERT INTO valid_accounts ( issuer, account, password,  funds ) VALUES
	(	'PayPal',	'nombre.uno@paypal.com',	'nombreuno',	'10000.00'),
	(	'PayPal',	'nombre.dos@paypal.com',	'nombredos',	'10000.00'),
	(	'PayPal',	'nombre.tres@paypal.com',	'nombretres',	'10000.00'),
	(	'PayPal',	'nombre.cuatro@paypal.com',	'nombrecuatro',	'10000.00'),
	(	'PayPal',	'nombre.cinco@paypal.com',	'nombrecinco',	'10000.00'),
    
INSERT INTO categories ( category_name ) VALUES
	(	'Unsorted'		),
	(	'Action'		),
	(	'Animation'		),
	(	'Adventure'		),
	(	'Biography'		),
	(	'Drama'			),
	(	'Fantasy'		),
	(	'Horror'		),
	(	'Musical'		),
	(	'Romance'		),
	(	'Sci-Fi'		),
	(	'Comedy'		);

INSERT INTO subcategories (category_id, subcategory_name ) VALUES
	(	2,	'Comedy'		),
	(	2,	'Crime'			),
	(	2,	'Thriller'		),
	(	3,	'Adventure'		),
	(	3,	'Comedy'		),
	(	3,	'Family'		),
	(	3,	'Fantasy'		),
	(	4,	'Biography'		),
	(	4,	'Thriller'		),
	(	4,	'War'			),
	(	5,	'Crime'			),
	(	5,	'Mystery'		),
	(	5,	'Sport'			),
	(	6,	'Romance'		),
	(	6,	'War'			),
	(	6,	'History'		),
	(	7,	'Adventure'		),
	(	7,	'Comedy'		),
	(	7,	'Drama'			),
	(	7,	'Romance'		),
	(	8,	'Drama'			),
	(	8,	'Sci-Fi'		),
	(	9,	'History'		),
	(	9,	'Romance'		),
	(	10,	'Comedy'		),
	(	10,	'History'		),
	(	11,	'Animation'		),
	(	11,	'Action'		),
	(	12,	'Action'		),
	(	12,	'Romance'		);

INSERT INTO products ( code, name, price, stock_quantity, format, languages, subtitles, release_year, runtime, subcategory_id, enable, more_details ) VALUES
	(	'PIX-0001', 'Pixels', 										10.34,	78, 	'Blu-Ray', 	'English',								'English, Spanish',						2015,	106,	1,	1,	'Directed by: Chris Columbus; Produced by: Adam Sandler, Chris Columbus, Allen Covert, Mark Radcliffe; Story by: Tim Herlihy; Music by: Henry Jackman; Sinopsis: When aliens misinterpret video feeds of classic arcade games as a declaration of war, they attack the Earth in the form of the video games.'	),
	(	'EXC-8795', 'American Ultra', 								15.80,	19, 	'Blu-Ray', 	'English, Spanish, French, Portuguese',	'English, Spanish, French, Portuguese',	2015,	96,		1,	1,	'Directed by: Nima Nourizadeh; Produced by: David Alpert, Anthony Bregman, Mark Fasano, Kevin Scott Frakes, Britton Rizzio, Raj Brinder Singh; Story by: Max Landis; Music by: Marcelo Zarvos; Sinopsis: A stoner - who is in fact a government agent - is marked as a liability and targeted for extermination. But hes too well-trained and too high for them to handle.'	),
	(	'KAS-1456', 'Kick-Ass', 									7.84,	102, 	'DVD', 		'English, Spanish',						'English, Spanish',						2010,	117,	1,	1,	'Directed by: Matthew Vaughn; Produced by: Matthew Vaughn, Brad Pitt, Kris Thykier, Adam Bohling, Tarquin Pack, David Reid, Jai Govan, Lewis Govan; Story by: Mark Millar, John Romita, Jr.; Music by: John Murphy, Henry Jackman, Marius de Vries, lan Eshkeri; Sinopsis: Dave Lizewski is an unnoticed high school student and comic book fan who one day decides to become a super-hero, even though he has no powers, training or meaningful reason to do so.'),
	(	'SRP-5789', 'Mr. & Mrs. Smith', 							24.78,	87, 	'DVD', 		'English',								'English, Spanish, Chinese, Portugues',	2005,	110,	1,	1,	'Directed by: Doug Liman; Produced by: 	Akiva Goldsman, Arnon Milchan, Lucas Foster; Story by: Tim Herlihy; Music by: John Powell; Sinopsis: A bored married couple is surprised to learn that they are both assassins hired by competing agencies to kill each other.'	),
	(	'GST-9877', 'Get Smart', 									19.60,	75, 	'DVD', 		'English',								'English, Spanish',						2008,	106,	1,	1,	'Directed by: Peter Segal; Produced by:Alex Gartner, Charles Roven, Andrew Lazar, Michael Ewing; Story by: Tom J. Astle, Matt Ember; Music by: Trevor Rabin; Sinopsis:  highly intellectual but socially awkward spy is tasked with preventing a terrorist attack from a Russian spy agency.'	),
	(	'CAN-7485', 'Charlies Angels', 								2.58,	96, 	'DVD', 		'English,Spanish, French, Portuguese',	'English,Spanish, French, Portuguese',	2000,	98,		1,	1,	'Directed by: McG; Produced by: Leonard Goldberg, Drew Barrymore, Nancy Juvonen; Story by: Ryan Rowe,Ed Solomon, John August; Music by: Edward Shearmur; Sinopsis: Three women, detectives with a mysterious boss, retrieve stolen voice-ID software, using martial arts, tech skills, and sex appeal'	),
	(	'PBM-6678', 'Paul Blart: Mall Cop 2', 						16.90,	5, 		'Blu-Ray', 	'English, Spanish',						'English, Spanish',						2015,	94,		1,	1,	'Directed by: Andy Fickman; Produced by: Todd Garner, Kevin James, Adam Sandler; Story by: Nick Bakay, Kevin James; Music by: Rupert Gregson-Williams; Sinopsis: After six years of keeping our malls safe, Paul Blart has earned a well-deserved vacation. He heads to Vegas with his teenage daughter before she heads off to college. But safety never takes a holiday and when duty calls, Blart answers.'	),
	(	'KGF-3547', 'Kung fu', 										8.99,	100, 	'DVD', 		'English, Chinese',						'English, Chinese, Spanish',			2004,	99,		1,	1,	'Directed by: Stephen Chow; Produced by: Stephen Chow, Chui Po-chu, Jeffrey Lau; Story by: Stephen Chow, Huo Xin, Chan Man-keung, Tsang Kan-cheung; Music by: Raymond Wong; Sinopsis: In Shanghai, China in the 1940s, a wannabe gangster aspires to join the notorious "Axe Gang" while residents of a housing complex exhibit extraordinary powers in defending their turf.'),
	(	'TDK-7456', 'The Dark Knight', 								24.70,	95, 	'Blu-Ray', 	'English',								'English, Spanish, Portugues, Italian',	2008,	152,	2,	1,	'Directed by: Christopher Nolan; Produced by: Emma Thomas, Charles Roven, Christopher Nolan; Story by: Christopher Nolan, David S. Goyer; Music by: Hans Zimmer, James Newton Howard; Sinopsis: When the menace known as the Joker wreaks havoc and chaos on the people of Gotham, the caped crusader must come to terms with one of the greatest psychological tests of his ability to fight injustice.'	),
	(	'TEZ-5478', 'The Equalizer', 								17.50,	78, 	'Blu-Ray', 	'English,Spanish',						'English, Spanish, Portugues',			2014,	132,	2,	1,	'Directed by: Antoine Fuqua; Produced by: Todd Black, Jason Blumenthal, Denzel Washington, Alex Siskin, Steve Tisch, Mace Neufeld, Tony Eldridge, Michael Sloan; Story by: Michael Sloan, Richard Lindheim; Music by: Harry Gregson-Williams; Sinopsis: A man believes he has put his mysterious past behind him and has dedicated himself to beginning a new, quiet life. But when he meets a young girl under the control of ultra-violent Russian gangsters, he cant stand idly by - he has to help her.'	),
	(	'SHP-0354', 'Sherlock Holmes', 								24.95,	97, 	'DVD', 		'English, Spanish, Italian',			'English',								2009,	128,	2,	1,	'Directed by: Guy Ritchie; Produced by: Joel Silver, Lionel Wigram, Susan Downey, Dan Lin; Story by: Lionel Wigram, Michael Robert Johnson; Music by: Hans Zimmer; Sinopsis: Detective Sherlock Holmes and his stalwart partner Watson engage in a battle of wits and brawn with a nemesis whose plot is a threat to all of England.'	),
	(	'JQC-7000', 'American Sniper', 								28.75,	85, 	'Blu-Ray', 	'English',								'English, Spanish, Portugues, French',	2014,	133,	3,	1,	'Directed by: Clint Eastwood; Produced by: Clint Eastwood, Robert Lorenz, Andrew Lazar, Bradley Cooper, Peter Morgan; Story by: Jason Hall; Sinopsis: Navy S.E.A.L. sniper Chris Kyles pinpoint accuracy saves countless lives on the battlefield and turns him into a legend. Back home to his wife and kids after four tours of duty, however, Chris finds that it is the war he cant leave behind.'	),	
	(	'BVZ-1927', 'Inception', 									40.30,	46, 	'DVD', 		'English',								'English, Spanish, Portugues',			2010,	148,	3,	1,	'Directed by: ; Produced by: ; Story by: ; Music by: ; Sinopsis:'	),
	(	'LCY-8134', 'Lucy', 										21.35,	75, 	'Blu-Ray', 	'English',								'English, Spanish, Portugues',			2014,	89,		3,	1,	'Directed by: ; Produced by: ; Story by: ; Music by: ; Sinopsis:'	),
	(	'WWZ-6547', 'World War Z', 									25.38,	47, 	'Blu-Ray', 	'English',								'English, Spanish, Portugues',			2013,	116,	3,	1,	'Directed by: ; Produced by: ; Story by: ; Music by: ; Sinopsis:'	),
	(	'IOH-3814', 'Inside Out', 									26.84,	2, 		'Blu-Ray', 	'English',								'English, Spanish',						2015,	94,		4,	1,	'Directed by: ; Produced by: ; Story by: ; Music by: ; Sinopsis:'	),
	(	'JVN-4888',	'The Lion King',								48.80,	107,	'DVD', 		'English,Spanish',					 	'English, Spanish, German, Polish',		1994,	89,		4,	1,	'Directed by: ; Produced by: ; Story by: ; Music by: ; Sinopsis:'	),
	(	'NYE-2004', 'Frozen', 										12.60,	9, 		'Blu-Ray', 	'English',								'English, Spanish, Portugues',			2013,	102,	4,	1,	'Directed by: ; Produced by: ; Story by: ; Music by: ; Sinopsis:'	),
	(	'GDR-6548', 'Big Hero 6', 									17.88,	65, 	'Blu-Ray', 	'English,Spanish, French, Portuguese',	'English,Spanish, French, Portuguese',	2014,	102,	4,	1,	'Directed by: ; Produced by: ; Story by: ; Music by: ; Sinopsis:'	),
	(	'ZZJ-1203', 'Aladdin', 										34.22,	75, 	'DVD',	 	'English,Spanish, French, Portuguese',	'English,Spanish, French, Portuguese',	1992,	90,		4,	1,	'Directed by: ; Produced by: ; Story by: ; Music by: ; Sinopsis:'	),
	(	'LJK-6975', 'The Book of Life', 							65.54,	45, 	'Blu-Ray', 	'English,Spanish, French, Portuguese', 	'English,Spanish, French, Portuguese',	2014,	95,		4,	1,	'Directed by: ; Produced by: ; Story by: ; Music by: ; Sinopsis:'	),
	(	'MMM-6520', 'Minions', 										32.54,	58, 	'DVD', 		'English,Spanish, French, Portuguese', 	'English,Spanish, French, Portuguese',	2015,	91,		5,	1,	'Directed by: ; Produced by: ; Story by: ; Music by: ; Sinopsis:'	),
	(	'YSD-9300', 'Ratatouille ',	 								52.65,	135, 	'DVD', 		'English,Spanish, French, Portuguese', 	'English,Spanish, French, Portuguese',	2007,	111,	5,	1,	'Directed by: ; Produced by: ; Story by: ; Music by: ; Sinopsis:'	),
	(	'APS-7408', 'Penguins of Madagascar', 						14.69,	6, 		'Blu-Ray', 	'English,Spanish, French, Portuguese',	'English,Spanish, French, Portuguese',	2014,	92,		5,	1,	'Directed by: ; Produced by: ; Story by: ; Music by: ; Sinopsis:'	),
	(	'JGD-3005', 'Kung Fu Panda', 								17.69,	87, 	'DVD', 		'English,Spanish, French, Portuguese',	'English,Spanish, French, Portuguese',	2008,	92,		5,	1,	'Directed by: ; Produced by: ; Story by: ; Music by: ; Sinopsis:'	),
	(	'OPB-9258',	'Monsters, Inc.',								53.06,	452,	'DVD', 		'English,Spanish, French, Portuguese',	'English,Spanish, French, Portuguese',	2001,	92,		6,	1,	'Directed by: ; Produced by: ; Story by: ; Music by: ; Sinopsis:'	),
	(	'IYN-5172',	'Toy Story 3',									21.29,	58, 	'Blu-Ray', 	'English,Spanish, French, Portuguese',	'English,Spanish, French, Portuguese',	2010,	103,	6,	1,	'Directed by: ; Produced by: ; Story by: ; Music by: ; Sinopsis:'	),
	(	'CHU-2360',	'Cars',											60.77,	5, 		'DVD', 		'English,Spanish, French, Portuguese',	'English,Spanish, French, Portuguese',	2006,	116,	6,	1,	'Directed by: ; Produced by: ; Story by: ; Music by: ; Sinopsis:'	),
	(	'ONA-5689',	'Up',											62.90,	265,	'DVD', 		'English,Spanish, French, Portuguese',	'English,Spanish, French, Portuguese',	2009,	96,		6,	1,	'Directed by: ; Produced by: ; Story by: ; Music by: ; Sinopsis:'	),
	(	'WPZ-9426',	'Rio',											59.17,	341,	'DVD', 		'English,Spanish, French, Portuguese',	'English,Spanish, French, Portuguese',	2011,	96,		6,	1,	'Directed by: ; Produced by: ; Story by: ; Music by: ; Sinopsis:'	),
	(	'YAY-6112',	'Tangled',										13.90,	45,		'DVD', 		'English,Spanish, French, Portuguese',	'English,Spanish, French, Portuguese',	2010,	100,	7,	1,	'Directed by: ; Produced by: ; Story by: ; Music by: ; Sinopsis:'	),
	(	'ASD-3084',	'Brave',										15.67,	38,		'Blu-Ray', 	'English,Spanish, French, Portuguese',	'English,Spanish, French, Portuguese',	2012,	93,		7,	1,	'Directed by: ; Produced by: ; Story by: ; Music by: ; Sinopsis:'	),
	(	'IJJ-9789', 'How to Train Your Dragon 2',					34.87,	49,		'DVD', 		'English,Spanish',						'English,Spanish',						2014,	102,	7,	1,	'Directed by: ; Produced by: ; Story by: ; Music by: ; Sinopsis:'	),
	(	'JAA-9003',	'How to Train Your Dragon',						16.17,	64,		'DVD', 		'English,Spanish',						'English,Spanish',						2010,	98,		7,	1,	'Directed by: ; Produced by: ; Story by: ; Music by: ; Sinopsis:'	),
	(	'PAI-8904',	'Star Wars: The Clone Wars',					35.47,	123,	'Blu-Ray', 	'English',								'English,Spanish',						2008,	98,		7,	1,	'Directed by: ; Produced by: ; Story by: ; Music by: ; Sinopsis:'	),
	(	'LAO-3333',	'Everest',										31.66,	98,		'Blu-Ray', 	'English,Spanish',						'English,Spanish',						2015,	121,	8,	1,	'Directed by: ; Produced by: ; Story by: ; Music by: ; Sinopsis:'	),
	(	'UAS-1110',	'Alexander',									62.90,	73,		'DVD', 		'English,Spanish',						'English,Spanish',						2004,	175,	8,	1,	'Directed by: ; Produced by: ; Story by: ; Music by: ; Sinopsis:'	),
	(	'PAI-3321',	'Spartacus',									34.25,	265,	'DVD', 		'English,Spanish, French, Portuguese',	'English,Spanish, French, Portuguese',	2009,	96,		8,	1,	'Directed by: ; Produced by: ; Story by: ; Music by: ; Sinopsis:'	),
	(	'ZZL-0300',	'The Ten Commandments',							16.87,	78,		'DVD', 		'English,Spanish, French, Portuguese',	'English,Spanish, French, Portuguese',	2009,	96,		8,	1,	'Directed by: ; Produced by: ; Story by: ; Music by: ; Sinopsis:'	),
	(	'XMA-1000',	'Diarios de motocicleta',						30.54,	265,	'DVD', 		'English,Spanish, French, Portuguese',	'English,Spanish, French, Portuguese',	2009,	96,		8,	1,	'Directed by: ; Produced by: ; Story by: ; Music by: ; Sinopsis:'	),
	(	'LAJ-2000',	'Joan of Arc',									40.25,	265,	'DVD', 		'English,Spanish, French, Portuguese',	'English,Spanish, French, Portuguese',	2009,	96,		8,	1,	'Directed by: ; Produced by: ; Story by: ; Music by: ; Sinopsis:'	),
	(	'YLZ-1586',	'La vida en rosa',								45.86,	90, 	'Blu-Ray', 	'French',	 							'English,Spanish, French, Portuguese',			2007,	140,	8,	1,	''	),
	(	'PAQ-4000',	'Kingsman: The Secret Service',					62.90,	169,	'Blu-Ray', 	'English,Spanish, French, Portuguese',	'English,Spanish, French, Portuguese',	2009,	96,		9,	1,	'Directed by: ; Produced by: ; Story by: ; Music by: ; Sinopsis:'	),
	(	'QQW-6032',	'Skyfall',										62.90,	265,	'Blu-Ray', 	'English,Spanish, French, Portuguese',	'English,Spanish, French, Portuguese',	2009,	96,		9,	1,	'Directed by: ; Produced by: ; Story by: ; Music by: ; Sinopsis:'	),
	(	'WWD-7012',	'Casino Royale',								62.90,	103,	'Blu-Ray', 	'English,Spanish, French, Portuguese',	'English,Spanish, French, Portuguese',	2009,	96,		9,	1,	'Directed by: ; Produced by: ; Story by: ; Music by: ; Sinopsis:'	),
	(	'USQ-0612',	'Inglourious Basterds',							82.10,	261,	'Blu-Ray', 	'English',							 	'English',								2009,	153,	10,	1,	''	),
	(	'PAC-8603',	'Seven Years in Tibet',							62.90,	265,	'DVD', 		'English,Spanish, French, Portuguese',	'English,Spanish, French, Portuguese',	2009,	96,		10,	1,	'Directed by: ; Produced by: ; Story by: ; Music by: ; Sinopsis:'	),
	(	'ZXC-2222',	'King Arthur',									62.90,	265,	'Blu-Ray', 	'English,Spanish, French, Portuguese',	'English,Spanish, French, Portuguese',	2009,	96,		10,	1,	'Directed by: ; Produced by: ; Story by: ; Music by: ; Sinopsis:'	),
	(	'VCX-1007',	'Australia',									62.90,	198,	'DVD', 		'English,Spanish, French, Portuguese',	'English,Spanish, French, Portuguese',	2009,	96,		10,	1,	'Directed by: ; Produced by: ; Story by: ; Music by: ; Sinopsis:'	),
	(	'YWR-7827',	'The Wolf of Wall Street',						64.78,	367,	'DVD', 		'Inglés, Español', 						'Español, Inglés',						2013,	180,	11,	1,	''	),
	(	'MXZ-3067',	'Catch Me If You Can',							62.90,	265,	'Blu-Ray', 	'English,Spanish, French, Portuguese',	'English,Spanish, French, Portuguese',	2009,	96,		11,	1,	'Directed by: ; Produced by: ; Story by: ; Music by: ; Sinopsis:'	),
	(	'HAH-6468',	'Public Enemies',								62.90,	47,		'Blu-Ray', 	'English,Spanish, French, Portuguese',	'English,Spanish, French, Portuguese',	2009,	96,		11,	1,	'Directed by: ; Produced by: ; Story by: ; Music by: ; Sinopsis:'	),
	(	'KAH-6468',	'21',											62.90,	265,	'DVD', 		'English,Spanish, French, Portuguese',	'English,Spanish, French, Portuguese',	2009,	96,		11,	1,	'Directed by: ; Produced by: ; Story by: ; Music by: ; Sinopsis:'	),
	(	'MAN-3333',	'Kill the Messenger',							62.90,	208,	'Blu-Ray', 	'English,Spanish, French, Portuguese',	'English,Spanish, French, Portuguese',	2009,	96,		12,	1,	'Directed by: ; Produced by: ; Story by: ; Music by: ; Sinopsis:'	),
	(	'NAI-0021',	'Fire in the Sky',								62.90,	265,	'Blu-Ray', 	'English,Spanish, French, Portuguese',	'English,Spanish, French, Portuguese',	2009,	96,		12,	1,	'Directed by: ; Produced by: ; Story by: ; Music by: ; Sinopsis:'	),
	(	'LLA-0003',	'Foxcatcher',									62.90,	37,		'Blu-Ray', 	'English,Spanish, French, Portuguese',	'English,Spanish, French, Portuguese',	2009,	96,		13,	1,	'Directed by: ; Produced by: ; Story by: ; Music by: ; Sinopsis:'	),
	(	'PPA-9999',	'Ali',											62.90,	265,	'DVD', 		'English,Spanish, French, Portuguese',	'English,Spanish, French, Portuguese',	2009,	96,		13,	1,	'Directed by: ; Produced by: ; Story by: ; Music by: ; Sinopsis:'	),
	(	'QQQ-6544',	'Invictus',										62.90,	265,	'Blu-Ray', 	'English,Spanish, French, Portuguese',	'English,Spanish, French, Portuguese',	2009,	96,		13,	1,	'Directed by: ; Produced by: ; Story by: ; Music by: ; Sinopsis:'	),
	(	'PAI-2223',	'Moneyball',									62.90,	98,		'Blu-Ray', 	'English,Spanish, French, Portuguese',	'English,Spanish, French, Portuguese',	2009,	96,		13,	1,	'Directed by: ; Produced by: ; Story by: ; Music by: ; Sinopsis:'	),
	(	'LAP-1111',	'The Blind Side',								62.90,	265,	'DVD', 		'English,Spanish, French, Portuguese',	'English,Spanish, French, Portuguese',	2009,	96,		13,	1,	'Directed by: ; Produced by: ; Story by: ; Music by: ; Sinopsis:'	),
	(	'ALL-1112',	'The Fighter',									62.90,	17,		'Blu-Ray', 	'English,Spanish, French, Portuguese',	'English,Spanish, French, Portuguese',	2009,	96,		13,	1,	'Directed by: ; Produced by: ; Story by: ; Music by: ; Sinopsis:'	),
	(	'MAA-1116',	'The Theory of Everything',						62.90,	39,		'Blu-Ray', 	'English,Spanish, French, Portuguese',	'English,Spanish, French, Portuguese',	2009,	96,		14,	1,	'Directed by: ; Produced by: ; Story by: ; Music by: ; Sinopsis:'	),
	(	'ZRR-3654',	'Titanic',										62.90,	44,		'Blu-Ray', 	'English,Spanish, French, Portuguese',	'English,Spanish, French, Portuguese',	2009,	96,		14,	1,	'Directed by: ; Produced by: ; Story by: ; Music by: ; Sinopsis:'	),
	(	'CQK-2687',	'La vie d Adele',								89.84,	460,	'DVD', 		'Francés',								'Español, Francés, Alemán, Portugués',	2013,	179,	14,	1,	''	),
	(	'PAA-8744',	'American Beauty',								62.90,	14,		'Blu-Ray', 	'English,Spanish, French, Portuguese',	'English,Spanish, French, Portuguese',	2009,	96,		14,	1,	'Directed by: ; Produced by: ; Story by: ; Music by: ; Sinopsis:'	),
	(	'FFA-6544',	'The Fault in Our Stars',						62.90,	265,	'Blu-Ray', 	'English,Spanish, French, Portuguese',	'English,Spanish, French, Portuguese',	2009,	96,		14,	1,	'Directed by: ; Produced by: ; Story by: ; Music by: ; Sinopsis:'	),
	(	'JDF-3332',	'The Notebook',									62.90,	265,	'Blu-Ray', 	'English,Spanish, French, Portuguese',	'English,Spanish, French, Portuguese',	2009,	96,		14,	1,	'Directed by: ; Produced by: ; Story by: ; Music by: ; Sinopsis:'	),
	(	'DSA-3337',	'The Vow',										62.90,	265,	'Blu-Ray', 	'English,Spanish, French, Portuguese',	'English,Spanish, French, Portuguese',	2009,	96,		14,	1,	'Directed by: ; Produced by: ; Story by: ; Music by: ; Sinopsis:'	),
	(	'PGH-6358',	'Schindler''s List',							34.96,	238,	'DVD', 		'Inglés',		 						'Español, Inglés, Francés, Alemán',		1993,	195,	15,	1,	'Director: Steven Spielberg; Productor: Steven Spielberg, Branko Lustig, Gerald R. Molen; Guión; Steven Zaillian; Música: John Williams; Sinopsis: Segunda Guerra Mundial (1939-1945). Oskar Schindler (Liam Neeson), un hombre de enorme astucia y talento para las relaciones públicas, organiza un ambicioso plan para ganarse la simpatía de los nazis. Después de la invasión de Polonia por los alemanes (1939), consigue, gracias a sus relaciones con los nazis, la propiedad de una fábrica de Cracovia. Allí emplea a cientos de operarios judíos, cuya explotación le hace prosperar rápidamente. Su gerente (Ben Kingsley), también judío, es el verdadero director en la sombra, pues Schindler carece completamente de conocimientos para dirigir una empresa.'	),
	(	'MDH-6350',	'The Pianist',									63.23,	458,	'Blu-Ray', 	'Español, Alemán', 						'Español, Inglés, Francés, Portugués',	2002,	150,	15,	1,	''	),
	(	'ZPW-2689',	'The Imitation Game',							50.44,	321,	'Blu-Ray', 	'Inglés',		 						'Español, Francés, Alemán, Portugués',	2014,	114,	15,	1,	''	),
	(	'XRU-6833',	'Letters from Iwo Jima',						79.10,	21, 	'DVD', 		'Inglés',		 						'Español, Inglés',						2004,	141,	15,	1,	''	),
	(	'LSM-6123',	'Hotel Rwanda',									63.28,	469,	'DVD', 		'Inglés, Español', 						'Español, Inglés, Francés, Portugués',	2004,	121,	15,	1,	''	),
	(	'ASD-6987',	'Fury',											62.90,	265,	'Blu-Ray', 	'English,Spanish, French, Portuguese',	'English,Spanish, French, Portuguese',	2009,	96,		15,	1,	'Directed by: ; Produced by: ; Story by: ; Music by: ; Sinopsis:'	),
	(	'XGX-0956',	'12 years slave',								89.53,	339,	'DVD', 		'Inglés',		 	'Español, Inglés, Alemán, Portugués',						2013,	134,	16,	1,	''	),
	(	'RSZ-1691',	'Lincoln',										6.30, 	13, 	'Blu-Ray', 	'Inglés, Español', 	'Español, Inglés, Francés, Alemán, Portugués',				2012,	150,	16,	1,	''	),
	(	'TTY-2828',	'Camino',										76.03,	265,	'Blu-Ray', 	'Español',		 	'Español, Inglés, Francés, Alemán',							2008,	143,	16,	1,	'Director: Javier Fesser; Productor: Jaume Roures, Javier Fesser, Luis Manso; Guión: Javier Fesser; Música: Rafael Arnau, Mario Gosálvez; Sinopsis: Una aventura emocional en torno a una deslumbrante niña de once años, muy religiosa, que se enfrenta al mismo tiempo a dos acontecimientos que son completamente nuevos para ella: enamorarse y morir. ''Camino'' es, sobre todo, una luz brillante capaz de atravesar todas y cada una de las tenebrosas puertas que se van cerrando ante ella, y que pretenden en vano sumir en la oscuridad su deseo de vivir, amar y sentirse definitivamente feliz. Inspirada en la verdadera historia de Alexia González Barros, la hija menor de una familia perteneciente al Opus Dei, que falleció en 1985 a los 14 años de edad, y que actualmente está en proceso de canonización.'	),
	(	'GMR-2072',	'Whiplash',										16.31,	383,	'Blu-Ray', 	'Inglés, Español', 	'Español, Inglés, 	Francés, Alemán',						2014,	107,	16,	1,	'Director: Damien Chazelle; Productor: David Lancaster, Michel Litvak, Jason Blum; Guión: Damien Chazelle; Música: Justin Hurwitz; Sinopsis: El objetivo de Andrew Neiman (Miles Teller), un joven y ambicioso baterista de jazz, es triunfar en el elitista Conservatorio de Música de la Costa Este en el que estudia. Marcado por el fracaso de la carrera literaria de su padre, Andrew alberga sueños de grandeza. Terence Fletcher (J.K. Simmons), un profesor conocido tanto por su talento como por sus rigurosos métodos de enseñanza, dirige el mejor conjunto de jazz del Conservatorio. Cuando Fletcher elige a Andrew para formar parte del conjunto musical que dirige, cambia para siempre la vida del joven. '	),
	(	'CJZ-1370',	'The Shawshank Redemption',						77.55,	89, 	'Blu-Ray', 	'Inglés, Español', 	'Español, Inglés, 	Francés, Portugués',					1994,	142,	16,	1,	''	),
	(	'FSA-6986',	'Braveheart',									62.90,	265,	'DVD', 		'English,Spanish, French, Portuguese',	'English,Spanish, French, Portuguese',	2009,	96,		16,	1,	'Directed by: ; Produced by: ; Story by: ; Music by: ; Sinopsis:'	),
	(	'BPR-3586',	'Les Choristes',								30.34,	78, 	'DVD', 		'Francés',			'Español, Inglés, Francés, Alemán',							2004,	96,		16,	1,	'Director: Christophe Barratier; Productor: Arthur Cohn, Jacques Perrin, Gérard Jugnot; Guión: Carla Cea; Música: Bruno Coulais; Sonido: Gonzalo Tranacán; Sinopsis: En 1948 Clément Mathieu, profesor de música desempleado, acepta un puesto como profesor vigilante en un internado de reeducación de menores. El sistema represivo aplicado por el director conmociona a Mathieu. Enseñándoles música y canto coral a estos niños tan difíciles, Mathieu transformará sus vidas cotidianas.'	),
	(	'HBZ-8093',	'Fight Club',									61.18,	29, 	'Blu-Ray', 	'Español',		 	'Español, Inglés, Francés, Portugués',						1999,	139,	16,	1,	''	),
	(	'ECP-6086',	'Xica da Silva',								29.78,	112,	'DVD', 		'Portugués',		'Español, Inglés, Francés, Alemán, Portugués',				1976,	107,	16,	1,	''	),
	(	'KQH-0566',	'American History X',							84.80,	428,	'DVD', 		'Inglés, Español', 	'Español, Inglés, Francés, Alemán',							1998,	119,	16,	1,	'Director: Tony Kaye; Productor: John Morrissey; Guión: David McKenna; Música: Anne Dudley; Sinopsis: Derek (Edward Norton), un joven "skin head" californiano de ideología neonazi, fue encarcelado por asesinar a un negro que pretendía robarle su furgoneta. Cuando sale de prisión y regresa a su barrio dispuesto a alejarse del mundo de la violencia, se encuentra con que su hermano pequeño (Edward Furlong), para quien Derek es el modelo a seguir, sigue el mismo camino que a él lo condujo a la cárcel. '	),
	(	'WJI-0641',	'Beautiful Mind',								66.30,	307,	'Blu-Ray', 	'Inglés, Español', 	'Español, Inglés, Alemán, Portugués',						2001,	135,	16,	1,	''	),
	(	'BDL-2339',	'The Piano Teacher',							92.35,	380,	'Blu-Ray', 	'Francés',	 		'Español, Inglés, Francés, Alemán, Portugués',				2001,	130,	16,	1,	''	),
	(	'QXV-6266',	'Coco antes de Chanel',							89.04,	421,	'DVD', 		'Francés',		 	'Español, Francés, Alemán, Portugués',						2009,	110,	16,	1,	''	),
	(	'WHM-6254',	'Entre les murs',								76.43,	313,	'Blu-Ray', 	'Francés',	 		'Español, Francés, Alemán, Portugués',						2008,	128,	16,	1,	''	),
	(	'TKF-0440',	'Cidade de Deus',								83.47,	318,	'Blu-Ray', 	'Portugués',	 	'Español, Inglés, Alemán, Portugués',						2002,	130,	16,	1,	''	),
	(	'CVB-6985',	'Star Wars: Episode I - The Phantom Menace',	62.90,	146,	'DVD', 		'English,Spanish, French, Portuguese',	'English,Spanish, French, Portuguese',	2009,	96,		17,	1,	'Directed by: ; Produced by: ; Story by: ; Music by: ; Sinopsis:'	),
	(	'CVN-6984',	'Star Wars: Episode II - Attack of the Clones',	62.90,	265,	'DVD', 		'English,Spanish, French, Portuguese',	'English,Spanish, French, Portuguese',	2009,	96,		17,	1,	'Directed by: ; Produced by: ; Story by: ; Music by: ; Sinopsis:'	),
	(	'CVC-6983',	'Star Wars: Episode III - Revenge of the Sith',	62.90,	109,	'DVD', 		'English,Spanish, French, Portuguese',	'English,Spanish, French, Portuguese',	2009,	96,		17,	1,	'Directed by: ; Produced by: ; Story by: ; Music by: ; Sinopsis:'	),
	(	'ZAQ-6982',	'Star Wars: Episode IV - A New Hope',			62.90,	265,	'DVD', 		'English,Spanish, French, Portuguese',	'English,Spanish, French, Portuguese',	2009,	96,		17,	1,	'Directed by: ; Produced by: ; Story by: ; Music by: ; Sinopsis:'	),
	(	'ZAX-7982',	'Star Wars: Episode V -The Empire Strikes Back',62.90,	265,	'DVD', 		'English,Spanish, French, Portuguese',	'English,Spanish, French, Portuguese',	2009,	96,		17,	1,	'Directed by: ; Produced by: ; Story by: ; Music by: ; Sinopsis:'	),
	(	'LIJ-7981',	'Star Wars: Episode VI - Return of the Jedi',	62.90,	102,	'DVD', 		'English,Spanish, French, Portuguese',	'English,Spanish, French, Portuguese',	2009,	96,		17,	1,	'Directed by: ; Produced by: ; Story by: ; Music by: ; Sinopsis:'	),
	(	'KIK-7980',	'The Princess Bride',							62.90,	265,	'Blu-Ray', 	'English,Spanish, French, Portuguese',	'English,Spanish, French, Portuguese',	2009,	96,		18,	1,	'Directed by: ; Produced by: ; Story by: ; Music by: ; Sinopsis:'	),
	(	'HYH-7932',	'Charlie and the Chocolate Factory',			62.90,	265,	'Blu-Ray', 	'English,Spanish, French, Portuguese',	'English,Spanish, French, Portuguese',	2009,	96,		18,	1,	'Directed by: ; Produced by: ; Story by: ; Music by: ; Sinopsis:'	),
	(	'GTG-4444',	'The Green Mile',								62.90,	265,	'Blu-Ray', 	'English,Spanish, French, Portuguese',	'English,Spanish, French, Portuguese',	2009,	96,		19,	1,	'Directed by: ; Produced by: ; Story by: ; Music by: ; Sinopsis:'	),
	(	'GTT-4445',	'Edward Scissorhands',							62.90,	265,	'Blu-Ray', 	'English,Spanish, French, Portuguese',	'English,Spanish, French, Portuguese',	2009,	96,		19,	1,	'Directed by: ; Produced by: ; Story by: ; Music by: ; Sinopsis:'	),
	(	'AAS-4446',	'El laberinto del fauno',						62.90,	265,	'Blu-Ray', 	'English,Spanish, French, Portuguese',	'English,Spanish, French, Portuguese',	2009,	96,		19,	1,	'Directed by: ; Produced by: ; Story by: ; Music by: ; Sinopsis:'	),
	(	'DDS-4447',	'300',											62.90,	137,	'Blu-Ray', 	'English,Spanish, French, Portuguese',	'English,Spanish, French, Portuguese',	2009,	96,		19,	1,	'Directed by: ; Produced by: ; Story by: ; Music by: ; Sinopsis:'	),
	(	'XXE-4448',	'The Curious Case of Benjamin Button',			62.90,	265,	'Blu-Ray', 	'English,Spanish, French, Portuguese',	'English,Spanish, French, Portuguese',	2009,	96,		19,	1,	'Directed by: ; Produced by: ; Story by: ; Music by: ; Sinopsis:'	),
	(	'CBV-0812',	'Life of Pi',									86.98,	255,	'DVD', 		'English,Spanish, French, Portuguese',	'English,Spanish, French, Portuguese',	2012,	127,	19,	1,	''	),
	(	'XXX-4449',	'If I Stay',									62.90,	300,	'Blu-Ray', 	'English,Spanish, French, Portuguese',	'English,Spanish, French, Portuguese',	2009,	96,		20,	1,	'Directed by: ; Produced by: ; Story by: ; Music by: ; Sinopsis:'	),
	(	'LLL-3354',	'Cinderella',									62.90,	265,	'Blu-Ray', 	'English,Spanish, French, Portuguese',	'English,Spanish, French, Portuguese',	2009,	96,		20,	1,	'Directed by: ; Produced by: ; Story by: ; Music by: ; Sinopsis:'	),
	(	'GAA-3355',	'Meet Joe Black',								62.90,	265,	'DVD', 		'English,Spanish, French, Portuguese',	'English,Spanish, French, Portuguese',	2009,	96,		20,	1,	'Directed by: ; Produced by: ; Story by: ; Music by: ; Sinopsis:'	),
	(	'DJK-2724',	'The Shining',									62.90,	74,		'Blu-Ray', 	'English,Spanish, French, Portuguese',	'English,Spanish, French, Portuguese',	2009,	96,		21,	1,	'Directed by: ; Produced by: ; Story by: ; Music by: ; Sinopsis:'	),
	(	'HFF-7670',	'American Psycho',								62.90,	265,	'DVD',	 	'English,Spanish, French, Portuguese',	'English,Spanish, French, Portuguese',	2009,	96,		21,	1,	'Directed by: ; Produced by: ; Story by: ; Music by: ; Sinopsis:'	),
	(	'HOK-1731',	'Shutter Island',								36.31,	433,	'Blu-Ray', 	'English,Spanish, French, Portuguese',	'English,Spanish, French, Portuguese',	2010,	138,	21,	1,	''	),
	(	'ANS-8151',	'La piel que habito',							98.06,	103,	'Blu-Ray', 	'English,Spanish, French, Portuguese',	'English,Spanish, French, Portuguese',	2011,	115,	21,	1,	'Director: Pedro Almodóvar; Productor: Augustín Almodóvar, Esther García; Guión: Pedro Almodóvar; Música: Alberto Iglesias; Sonido: Iván Marín; Sinopsis: Desde que su mujer sufrió quemaduras en todo el cuerpo a raíz de un accidente de coche, el doctor Robert Ledgard, eminente cirujano plástico, ha dedicado años de estudio y experimentación a la elaboración de una nueva piel con la que hubiera podido salvarla; se trata de una piel sensible a las caricias, pero que funciona como una auténtica coraza contra toda clase de agresiones, tanto externas como internas. Para poner en práctica este hallazgo revolucionario es preciso carecer de escrúpulos, y Ledgard no los tiene. Pero, además, necesita una cobaya humana y un cómplice. Marilia, la mujer que lo cuidó desde niño, es de una fidelidad perruna: nunca le fallará. El problema será encontrar la cobaya humana.'	),
	(	'GGG-6666',	'Constantine',									62.90,	265,	'Blu-Ray', 	'English,Spanish, French, Portuguese',	'English,Spanish, French, Portuguese',	2009,	96,		21,	1,	'Directed by: ; Produced by: ; Story by: ; Music by: ; Sinopsis:'	),
	(	'FFF-7760',	'Resident Evil: Ultratumba',					62.90,	265,	'Blu-Ray', 	'English,Spanish, French, Portuguese',	'English,Spanish, French, Portuguese',	2009,	96,		22,	1,	'Directed by: ; Produced by: ; Story by: ; Music by: ; Sinopsis:'	),
	(	'DDD-6670',	'Quarantine',									62.90,	135,	'Blu-Ray', 	'English,Spanish, French, Portuguese',	'English,Spanish, French, Portuguese',	2009,	96,		22,	1,	'Directed by: ; Produced by: ; Story by: ; Music by: ; Sinopsis:'	),
	(	'SSS-0775',	'Les Misérables',								62.90,	265,	'Blu-Ray', 	'English,Spanish, French, Portuguese',	'English,Spanish, French, Portuguese',	2009,	96,		23,	1,	'Directed by: ; Produced by: ; Story by: ; Music by: ; Sinopsis:'	),
	(	'LLO-5670',	'Pocahontas',									62.90,	145,	'DVD', 		'English,Spanish, French, Portuguese',	'English,Spanish, French, Portuguese',	2009,	96,		23,	1,	'Directed by: ; Produced by: ; Story by: ; Music by: ; Sinopsis:'	),
	(	'OOO-6600',	'Jesus Christ Superstar',						62.90,	265,	'Blu-Ray', 	'English,Spanish, French, Portuguese',	'English,Spanish, French, Portuguese',	2009,	96,		23,	1,	'Directed by: ; Produced by: ; Story by: ; Music by: ; Sinopsis:'	),
	(	'III-5550',	'Evita',										62.90,	265,	'Blu-Ray', 	'English,Spanish, French, Portuguese',	'English,Spanish, French, Portuguese',	2009,	96,		24,	1,	'Directed by: ; Produced by: ; Story by: ; Music by: ; Sinopsis:'	),
	(	'UUU-4444',	'Corpse Bride',									62.90,	96,		'Blu-Ray', 	'English,Spanish, French, Portuguese',	'English,Spanish, French, Portuguese',	2009,	96,		24,	1,	'Directed by: ; Produced by: ; Story by: ; Music by: ; Sinopsis:'	),
	(	'YYY-3245',	'Moulin Rouge',									62.90,	265,	'Blu-Ray', 	'English,Spanish, French, Portuguese',	'English,Spanish, French, Portuguese',	2009,	96,		24,	1,	'Directed by: ; Produced by: ; Story by: ; Music by: ; Sinopsis:'	),
	(	'TTT-7632',	'Singin in the Rain',							62.90,	127,	'Blu-Ray', 	'English,Spanish, French, Portuguese',	'English,Spanish, French, Portuguese',	2009,	96,		24,	1,	'Directed by: ; Produced by: ; Story by: ; Music by: ; Sinopsis:'	),
	(	'RRR-7786',	'Mamma Mia',									62.90,	265,	'Blu-Ray', 	'English,Spanish, French, Portuguese',	'English,Spanish, French, Portuguese',	2009,	96,		24,	1,	'Directed by: ; Produced by: ; Story by: ; Music by: ; Sinopsis:'	),
	(	'VVV-0875',	'Fiddler on the Roof',							62.90,	265,	'Blu-Ray', 	'English,Spanish, French, Portuguese',	'English,Spanish, French, Portuguese',	2009,	96,		24,	1,	'Directed by: ; Produced by: ; Story by: ; Music by: ; Sinopsis:'	),
	(	'MEQ-9171',	'Medianoche en París',							58.51,	72, 	'Blu-Ray', 	'English,Spanish, French, Portuguese',	'English,Spanish, French, Portuguese',	2011,	94,		25,	1,	''	),
	(	'NLE-2540',	'Amélie',										13.26,	493,	'DVD',	 	'English,Spanish, French, Portuguese',	'English,Spanish, French, Portuguese',	2001,	122,	25,	1,	'Director: Jean-Pierre Jeunet; Productor: Jean-Marc Deschamps; Guión: Jean-Pierre Jeunet, Guillaume Laurant; Música: Yann Tiersen; Sinopsis: Amelie no es una chica como las demás. Ha visto a su pez de colores deslizarse hacia las alcantarillas municipales, a su madre morir en la plaza de Nôtre-Dame y a su padre dedicar todo su afecto a un gnomo de jardín. De repente, a los veintidós años, descubre su objetivo en la vida: arreglar la vida de los demás. A partir de entonces, inventa toda clase de estrategias para intervenir en los asuntos de los demás: su portera, que se pasa los días bebiendo vino de Oporto; Georgette, una estanquera hipocondríaca, o "el hombre de cristal", un vecino que sólo ve el mundo a través de la reproducción de un cuadro de Renoir.'	),
	(	'BBF-0765',	'Silver Linings Playbook',						62.90,	265,	'Blu-Ray', 	'English,Spanish, French, Portuguese',	'English,Spanish, French, Portuguese',	2009,	96,		25,	1,	'Directed by: ; Produced by: ; Story by: ; Music by: ; Sinopsis:'	),
	(	'VFS-3830',	'Juno',											62.90,	265,	'Blu-Ray', 	'English,Spanish, French, Portuguese',	'English,Spanish, French, Portuguese',	2009,	96,		25,	1,	'Directed by: ; Produced by: ; Story by: ; Music by: ; Sinopsis:'	),
	(	'LOE-3618',	'Volver',										43.65,	380,	'DVD', 		'English,Spanish, French, Portuguese',	'English,Spanish, French, Portuguese',	2006,	110,	25,	1,	'Director: Pedro Almodóvar; Productor: Augustín Almodóvar, Esther García; Guión: Pedro Almodóvar; Música: Alberto Iglesias, Estrella Morente; Sinopsis: Raimunda (Penélope Cruz) es manchega, pero vive en Madrid. Está casada con un obrero en paro (Antonio de la Torre) y tiene una hija adolescente (Yohana Cobo). Su hermana Sole (Lola Dueñas) se gana la vida como peluquera. Ambas echan de menos a su madre (Carmen Maura), que murió en un incendio. Pero, inesperadamente, la madre se presenta en casa de su hermana (Lampreave); después va a ver a Sole, a Raimunda y a Agustina (Portillo), una vecina del pueblo. '	),
	(	'YDG-8492',	'El nombre',									80.75,	53, 	'Blu-Ray', 	'English,Spanish, French, Portuguese',	'English,Spanish, French, Portuguese',	2012,	109,	25,	1,	''	),
	(	'IIS-0374',	'Agora',										62.90,	265,	'Blu-Ray', 	'English,Spanish, French, Portuguese',	'English,Spanish, French, Portuguese',	2009,	96,		26,	1,	'Directed by: ; Produced by: ; Story by: ; Music by: ; Sinopsis:'	),
	(	'IIO-0577',	'Ironclad',										62.90,	220,	'Blu-Ray', 	'English,Spanish, French, Portuguese',	'English,Spanish, French, Portuguese',	2009,	96,		26,	1,	'Directed by: ; Produced by: ; Story by: ; Music by: ; Sinopsis:'	),
	(	'PPP-0287',	'Henry V',										62.90,	265,	'Blu-Ray', 	'English,Spanish, French, Portuguese',	'English,Spanish, French, Portuguese',	2009,	96,		26,	1,	'Directed by: ; Produced by: ; Story by: ; Music by: ; Sinopsis:'	),
	(	'ALV-3267',	'Avatar',										11.96,	338,	'Blu-Ray', 	'English,Spanish, French, Portuguese',	'English,Spanish, French, Portuguese',	2009,	162,	27,	1,	''	),
	(	'LCW-9200',	'Beowulf',										63.15,	100,	'Blu-Ray', 	'English,Spanish, French, Portuguese',	'English,Spanish, French, Portuguese',	2007,	115,	27,	1,	''	),
	(	'CVS-0530',	'Wall E',										62.90,	280,	'Blu-Ray', 	'English,Spanish, French, Portuguese',	'English,Spanish, French, Portuguese',	2009,	96,		27,	1,	'Directed by: ; Produced by: ; Story by: ; Music by: ; Sinopsis:'	),
	(	'MBF-0578',	'Dragon Ball Z: La batalla de los dioses',		62.90,	300,	'DVD',	 	'English,Spanish, French, Portuguese',	'English,Spanish, French, Portuguese',	2009,	96,		27,	1,	'Directed by: ; Produced by: ; Story by: ; Music by: ; Sinopsis:'	),
	(	'IEB-8949',	'Gravedad',										36.34,	397,	'Blu-Ray', 	'English,Spanish, French, Portuguese',	'English,Spanish, French, Portuguese',	2013,	91,		28,	1,	''	),
	(	'DLR-5429',	'Interstelar',									17.94,	140,	'Blu-Ray', 	'English,Spanish, French, Portuguese',	'English,Spanish, French, Portuguese',	2014,	169,	28,	1,	''	),
	(	'XSS-2040',	'Titan A.E.',									62.90,	265,	'DVD', 		'English,Spanish, French, Portuguese',	'English,Spanish, French, Portuguese',	2009,	96,		28,	1,	'Directed by: ; Produced by: ; Story by: ; Music by: ; Sinopsis:'	),
	(	'AQA-4470',	'Avengers',										95.19,	283,	'DVD', 		'English,Spanish, French, Portuguese',	'English,Spanish, French, Portuguese',	2012,	143,	28,	1,	''	),
	(	'BDF-1244',	'Tomorrowland',									62.90,	265,	'Blu-Ray', 	'English,Spanish, French, Portuguese',	'English,Spanish, French, Portuguese',	2009,	96,		28,	1,	'Directed by: ; Produced by: ; Story by: ; Music by: ; Sinopsis:'	),
	(	'HWO-7576',	'Intouchables',									17.30,	360,	'Blu-Ray', 	'English,Spanish, French, Portuguese',	'English,Spanish, French, Portuguese',	2011,	113,	29,	1,	'Director: Olivier Nakache, Éric Toledano; Productor: Harvey Weinstein; Guión: Olivier Nakache; Música: Ludovico Einaudi; Sinopsis: Philippe, un aristócrata millonario que se ha quedado tetrapléjico a causa de un accidente de parapente, contrata como cuidador a domicilio a Driss, un inmigrante de un barrio marginal recién salido de la cárcel. Aunque, a primera vista, no parece la persona más indicada, los dos acaban logrando que convivan Vivaldi y Earth Wind and Fire, la elocuencia y la hilaridad, los trajes de etiqueta y el chándal. Dos mundos enfrentados que, poco a poco, congenian hasta forjar una amistad tan disparatada, divertida y sólida como inesperada, una relación única en su especie de la que saltan chispas.'	),
	(	'KLS-4755',	'We are the Millers',							62.90,	87,		'Blu-Ray', 	'English,Spanish, French, Portuguese',	'English,Spanish, French, Portuguese',	2009,	96,		29,	1,	'Directed by: ; Produced by: ; Story by: ; Music by: ; Sinopsis:'	),
	(	'PAO-6541',	'Bad Boys',										62.90,	265,	'Blu-Ray', 	'English,Spanish, French, Portuguese',	'English,Spanish, French, Portuguese',	2009,	96,		29,	1,	'Directed by: ; Produced by: ; Story by: ; Music by: ; Sinopsis:'	),
	(	'CXX-2544',	'Love & Other Drugs',							62.90,	88,		'Blu-Ray', 	'English,Spanish, French, Portuguese',	'English,Spanish, French, Portuguese',	2009,	96,		30,	1,	'Directed by: ; Produced by: ; Story by: ; Music by: ; Sinopsis:'	),
	(	'DSA-6874',	'Theres Something About Mary',					62.90,	75,		'Blu-Ray', 	'English,Spanish, French, Portuguese',	'English,Spanish, French, Portuguese',	2009,	96,		30,	1,	'Directed by: ; Produced by: ; Story by: ; Music by: ; Sinopsis:'	),
	(	'MSA-4255',	'Click',										62.90,	77,		'DVD',	 	'English,Spanish, French, Portuguese',	'English,Spanish, French, Portuguese',	2009,	96,		30,	1,	'Directed by: ; Produced by: ; Story by: ; Music by: ; Sinopsis:'	),
	(	'AAS-4568',	'Jerry Maguire',								62.90,	35,		'DVD', 		'English,Spanish, French, Portuguese',	'English,Spanish, French, Portuguese',	2009,	96,		30,	1,	'Directed by: ; Produced by: ; Story by: ; Music by: ; Sinopsis:'	),
	(	'FSD-7896',	'Shallow Hal',									62.90,	68,		'DVD', 		'English,Spanish, French, Portuguese',	'English,Spanish, French, Portuguese',	2009,	96,		30,	1,	'Directed by: ; Produced by: ; Story by: ; Music by: ; Sinopsis:'	),
	(	'LAJ-1289',	'Pretty Woman',									62.90,	265,	'DVD', 		'English,Spanish, French, Portuguese',	'English,Spanish, French, Portuguese',	2009,	96,		30,	1,	'Directed by: ; Produced by: ; Story by: ; Music by: ; Sinopsis:'	),
	(	'YCE-3807',	'The Artist',									70.60,	58,		'DVD', 		'French',	 							'Spanish, English, French',				2012,	100,	30,	1,	''	);


INSERT INTO actors ( full_name ) VALUES
	(	'Adam Sandler'			),
	(	'Kevin James'			),
	(	'Michelle Monaghan'		),
	(	'Peter Dinklage'		),
	(	'Josh Gad'				),
	(	'Jesse Eisenberg'		),
	(	'Kristen Stewart'		),
	(	'Topher Grace'			),
	(	'Connie Britton'		),
	(	'Walton Goggins'		),
	(	'John Leguizamo'		),
	(	'Bill Pullman'			),
	(	'Tony Hale'				),
	(	'Aaron Johnson'			),
	(	'Christopher Mintz-Plasse'	),
	(	'Mark Strong'			),
	(	'Chloë Grace Moretz'	),
	(	'Nicolas Cage'			),
	(	'Brad Pitt'				),
	(	'Angelina Jolie'		),
	(	'Vince Vaughn'			),
	(	'Adam Brody'			),
	(	'Kerry Washington'		),
	(	'Steve Carell'			),
	(	'Anne Hathaway'			),
	(	'Dwayne Johnson'		),
	(	'Alan Arkin'			),
	(	'Terence Stamp'			),
	(	'Terry Crews'			),
	(	'Cameron Diaz'			),
	(	'Drew Barrymore'		),
	(	'Lucy Liu'				),
	(	'Neal McDonough'		),
	(	'Daniella Alonso'		),
	(	'David Henrie'			),
	(	'Stephen Chow'			),
	(	'Danny Chan'			),
	(	'Yuen Wah'				),
	( 	'Christian Bale'		),
	( 	'Michael Caine'			),
	( 	'Heath Ledger'			),
	( 	'Gary Oldman'			),
	( 	'Aaron Eckhart'			),
	( 	'Maggie Gyllenhaal'		),
	( 	'Morgan Freeman'		),
	( 	'Denzel Washington'		),
	( 	'Marton Csokas'			),
	( 	'David Harbour'			),
	( 	'Robert Downey, Jr.'	),
	( 	'Jude Law'				),
	( 	'Rachel McAdams'		),
	( 	'Eddie Marsan'			),
	( 	'Bradley Cooper'		),
	( 	'Sienna Miller'			),
	( 	'Leonardo DiCaprio'		),
	( 	'Ken Watanabe'			),
	( 	'Joseph Gordon-Levitt'	),
	( 	'Marion Cotillard'		),
	( 	'Ellen Page'			),
	( 	'Tom Hardy'				),
	( 	'Cillian Murphy'		),
	( 	'Tom Berenger'			),
	( 	'Scarlett Johansson'	),
	( 	'Min-sik Choi'			),
	( 	'Mireille Enos'			),
	( 	'Daniella Kertesz'		),
	( 	'Amy Poehler'			),
	( 	'Bill Hader'			),
	( 	'Lewis Black '			),
	( 	'Matthew Broderick'		),
	( 	'Jeremy Irons'			),
	( 	'James Earl Jones'		),
	( 	'Kristen Bell'			),
	( 	'Idina Menzel'			),
	( 	'Jonathan Groff'		),
	( 	'Santino Fontana'		),
	( 	'Ryan Potter'			),
	( 	'Scott Adsit'			),
	( 	'Jamie Chung'			),
	( 	'Scott Weinger'			),
	( 	'Robin Williams'		),
	( 	'Linda Larkin'			),
	( 	'Jonathan Freeman'		),
	( 	'Frank Welker'			),
	( 	'Diego Luna'			),
	( 	'Zoe Saldana'			),
	( 	'Channing Tatum'		),
	( 	'Ron Perlman'			),
	( 	'Christina Applegate'	),
	( 	'Kate del Castillo'		),
	( 	'Ice Cube'				),
	( 	'Sandra Bullock'		),
	( 	'Jon Hamm'				),
	( 	'Michael Keaton'		),
	( 	'Allison Janney'		),
	( 	'Geoffrey Rush'			),
	( 	'Patton Oswalt'			),
	( 	'Ian Holm'				),
	( 	'Lou Romano'			),
	( 	'Brian Dennehy'			),
	( 	'Peter Sohn'			),
	( 	'Tom McGrath'			),
	( 	'Chris Miller'			),
	( 	'Christopher Knights'	),
	( 	'Conrad Vernon'			),
	( 	'Jack Black'			),
	( 	'Dustin Hoffman'		),
	( 	'Michael Clarke Duncan'	),
	( 	'Ian McShane'			),
	( 	'Jackie Chan'			),
	( 	'Seth Rogen'			),
	( 	'Billy Crystal'			),
	( 	'John Goodman'			),
	( 	'Mary Gibbs'			),
	( 	'Tom Hanks'				),
	( 	'Tim Allen'				),
	( 	'Joan Cusack'			),
	( 	'Ned Beatty'			),
	( 	'Owen Wilson'			),
	( 	'Bonnie Hunt'			),
	( 	'Paul Newman'			),
	( 	'Larry the Cable Guy'	),
	( 	'Edward Asner'			),
	( 	'Christopher Plummer'	),
	( 	'Jordan Nagai'			),
	( 	'Bob Peterson'			),
	( 	'Leslie Mann'			),
	( 	'Kelly Keaton'			),
	( 	'Jane Lynch'			),
	( 	'Jamie Foxx'			),
	( 	'Mandy Moore'			),
	( 	'Zachary Levi'			),
	( 	'Donna Murphy'			),
	( 	'Kelly Macdonald'		),
	( 	'Billy Connolly'		),
	( 	'Emma Thompson'			),
	( 	'Julie Walters'			),
	( 	'Jay Baruchel'			),
	( 	'Cate Blanchett'		),
	( 	'Gerard Butler'			),
	( 	'Craig Ferguson'		),
	( 	'America Ferrera'		),
	( 	'Matt Lanter'			),
	( 	'Ashley Eckstein'		),
	( 	'James Arnold Taylor'	),
	( 	'Dee Bradley Baker'		),
	( 	'Tom Kane'				),
	( 	'Jason Clarke'			),
	( 	'Ang Phula Sherpa'		),
	( 	'Thomas M. Wright'		),
	( 	'Martin Henderson'		),
	( 	'Tom Goodman-Hill'		),
	( 	'Anthony Hopkins'		),
	( 	'David Bedella'			),
	( 	'Val Kilmer'			),
	( 	'Colin Farrell'			),
	( 	'Jared Leto'			),
	( 	'Elliot Cowan'			);

    
INSERT INTO actors_products ( actor_id, product_id ) VALUES
	(	1,		1		),
	(	2,		1		),
	(	3,		1		),
	(	4,		1		),
	(	5,		1		),
	(	6,		2		),
	(	7,		2		),
	(	8,		2		),
	(	9,		2		),
	(	10,		2		),
	(	11,		2		),
	(	12,		2		),
	(	13,		2		),
	(	14,		3		),
	(	15,		3		),
	(	16,		3		),
	(	17,		3		),
	(	18,		3		),
	(	19,		4		),
	(	20,		4		),
	(	21,		4		),
	(	22,		4		),
	(	23,		4		),
	(	24,		5		),
	(	25,		5		),
	(	26,		5		),
	(	27,		5		),
	(	28,		5		),
	(	29,		5		),
	(	30,		6		),
	(	31,		6		),
	(	32,		6		),
	(	2,		7		),
	(	33,		7		),
	(	34,		7		),
	(	35,		7		),
	(	36,		8		),
	(	37,		8		),
	(	38,		8		),
	(	39,		9		),
	(	40,		9		),
	(	41,		9		),
	(	42,		9		),
	(	43,		9		),
	(	44,		9		),
	(	45,		9		),
	(	46,		10		),
	(	47,		10		),
	(	17,		10		),
	(	48,		10		),
	(	12,		10		),
	(	49,		11		),
	(	50,		11		),
	(	51,		11		),
	(	16,		11		),
	(	52,		11		),
	(	53,		12		),
	(	54,		12		),
	(	55,		13		),
	(	56,		13		),
	(	57,		13		),
	(	58,		13		),
	(	59,		13		),
	(	60,		13		),
	(	61,		13		),
	(	62,		13		),
	(	40,		13		),
	(	63,		14		),
	(	64,		14		),
	(	45,		14		),
	(	19,		15		),
	(	65,		15		),
	(	66,		15		),
	(	67,		16		),
	(	68,		16		),
	(	69,		16		),
	(	70,		17		),
	(	71,		17		),
	(	72,		17		),
	(	73,		18		),
	(	74,		18		),
	(	75,		18		),
	(	76,		18		),
	(	5,		18		),
	(	77,		19		),
	(	78,		19		),
	(	79,		19		),
	(	80,		20		),
	(	81,		20		),
	(	82,		20		),
	(	83,		20		),
	(	84,		20		),
	(	85,		21		),
	(	86,		21		),
	(	87,		21		),
	(	88,		21		),
	(	89,		21		),
	(	90,		21		),
	(	91,		21		),
	(	92,		22		),
	(	93,		22		),
	(	94,		22		),
	(	95,		22		),
	(	96,		22		),
	(	97,		23		),
	(	98,		23		),
	(	99,		23		),
	(	100,	23		),
	(	101,	23		),
	(	102,	24		),
	(	103,	24		),
	(	104,	24		),
	(	105,	24		),
	(	106,	25		),
	(	107,	25		),
	(	108,	25		),
	(	109,	25		),
	(	110,	25		),
	(	111,	25		),
	(	32,		25		),
	(	112,	26		),
	(	113,	26		),
	(	114,	26		),
	(	94,		27		),
	(	115,	27		),
	(	116,	27		),
	(	117,	27		),
	(	118,	27		),
	(	119,	28		),
	(	120,	28		),
	(	121,	28		),
	(	122,	28		),
	(	123,	29		),
	(	124,	29		),
	(	125,	29		),
	(	126,	29		),
	(	  6,	30		),
	(	127,	30		),
	(	128,	30		),
	(	129,	30		),
	(	130,	30		),
	(	131,	31		),
	(	132,	31		),
	(	133,	31		),
	(	88,		31		),
	(	134,	32		),
	(	135,	32		),
	(	136,	32		),
	(	137,	32		),
	(	138,	33		),
	(	139,	33		),
	(	140,	33		),
	(	141,	33		),
	(	142,	33		),
	(	138,	34		),
	(	140,	34		),
	(	141,	34		),
	(	142,	34		),
	(	143,	35		),
	(	144,	35		),
	(	145,	35		),
	(	146,	35		),
	(	147,	35		),
	(	148,	36		),
	(	149,	36		),
	(	150,	36		),
	(	151,	36		),
	(	152,	36		),
	(	20,		37		),
	(	153,	37		),
	(	154,	37		),
	(	155,	37		),
	(	156,	37		),
	(	157,	37		),
	(	158,	37		);
    
INSERT INTO carts ( user_id, subtotal ) VALUES
	(	1,	80.46 );
	
INSERT INTO carts_products ( cart_id, product_id, quantity ) VALUES
	(	1,	1, 3 	),
	(	1,	2, 2 	),
	(	1,	3, 1 	);
	