INSERT INTO users ( username, password, first_name, last_name, gender, birthday, role )	VALUES
	(	'amy.boo1835@yahoo.com',				'amyaboo2542',			'Amya',			'Booth',		'F',	'1957-01-23',	2	),
	(	'arm.dorse7807@hushmail.com',			'armdor3193',			'Armani',		'Dorsey',		'M',	'1956-03-27',	0	),
	(	'add.rho5638@hushmail.com',				'addisonrho9787',		'Addison',		'Rhodes',		'F',	'1994-09-02',	0	),
	(	'alex.graha7569@hushmail.com',			'alexandergraham3681',	'Alexander',	'Graham',		'M',	'1994-05-19',	0	),
	(	'lilya.ter5361@mail2web.com',			'lilyte8815',			'Lilyanna',		'Terry',		'F',	'1986-10-02',	1	),
	(	'kayli.chaney5293@mail2web.com',		'kayliechan9804',		'Kaylie',		'Chaney',		'F',	'1989-07-03',	0	),
	(	'ray.dillar5149@yahoo.com',				'rayadillard9481',		'Rayan',		'Dillard',		'M',	'1955-02-23',	0	),
	(	'marian.hou9120@gmail.com',				'marianahous9586',		'Mariana',		'House',		'F',	'1995-01-19',	0	),
	(	'hay.whi7187@yahoo.com',				'haylwhit8692',			'Haylie',		'White',		'F',	'1988-08-15',	0	),
	(	'adaly.mcmaho6893@mail2web.com',		'adalymcma3805',		'Adalynn',		'Mcmahon',		'F',	'1962-10-23',	0	),
	(	'jaime.russe9205@live.com',				'jairusse4315',			'Jaime',		'Russell',		'M',	'1988-02-28',	0	),
	(	'yas.coole9692@gmail.com',				'yasmincoo2862',		'Yasmin',		'Cooley',		'F',	'1984-11-19',	0	),
	(	'kat.mcconn9702@yahoo.com',				'katemcconne4056',		'Kate',			'Mcconnell',	'F',	'1961-12-31',	0	),
	(	'izay.hoover2229@hushmail.com',			'izayahoover5042',		'Izayah',		'Hoover',		'M',	'1983-10-20',	0	),
	(	'colt.simp5670@hushmail.com',			'coltsimpson7845',		'Colt',			'Simpson',		'M',	'1992-03-05',	0	),
	(	'jere.fost9895@yahoo.com',				'jeremifoste1428',		'Jeremiah',		'Foster',		'M',	'1986-02-12',	1	),
	(	'jaycob.alford9843@gmail.com',			'jayalfo7228',			'Jaycob',		'Alford',		'M',	'1954-07-11',	0	),
	(	'ar.daug9155@hushmail.com',				'adaughe9597',			'Ari',			'Daugherty',	'F',	'1965-12-27',	0	),
	(	'mos.fue4434@gmail.com',				'moshefuent2203',		'Moshe',		'Fuentes',		'F',	'1976-08-23',	0	),
	(	'fel.gree3616@yahoo.com',				'felipgr1784',			'Felipe',		'Green',		'M',	'1983-12-16',	1	),
	(	'london.blanchar8914@gmail.com',		'lonblanch1171',		'London',		'Blanchard',	'F',	'1951-03-24',	0	),
	(	'ster.booker1708@yahoo.com',			'sterlinbook3859',		'Sterling',		'Booker',		'M',	'1954-10-21',	0	),
	(	'annabel.cook8674@yahoo.com',			'annabellcook2827',		'Annabell',		'Cook',			'F',	'1980-08-19',	0	),
	(	'kasey.schneider4625@mail2web.com',		'kaseyschnei7905',		'Kasey',		'Schneider',	'F',	'1976-05-21',	0	),
	(	'esmer.arno2303@mail2web.com',			'esmeraarn1783',		'Esmeralda',	'Arnold',		'F',	'1962-08-23',	0	),
	(	'aryan.bonner9327@yahoo.com',			'aryanabonne8577',		'Aryana',		'Bonner',		'F',	'1989-12-03',	0	),
	(	'sky.hill9440@live.com',				'skylehill8723',		'Skyler',		'Hill',			'F',	'1971-01-07',	0	),
	(	'jim.caldwe4920@live.com',				'jimcald9567',			'Jimmy',		'Caldwell',		'M',	'1983-06-04',	0	),
	(	'libe.cr1234@gmail.com',				'libertycr7298',		'Liberty',		'Craft',		'F',	'1978-03-12',	0	),
	(	'kenned.bro3729@yahoo.com',				'kennedybrock3216',		'Kennedy',		'Brock',		'M',	'1982-02-22',	0	),
	(	'maximilia.ro3128@gmail.com',			'maximilianrowe7376',	'Maximilian',	'Rowe',			'M',	'1974-09-09',	0	),
	(	'samir.gar7260@live.com',				'samiga6455',			'Samir',		'Garza',		'M',	'1965-01-13',	0	),
	(	'bobby.logan4620@yahoo.com',			'bobblogan4437',		'Bobby',		'Logan',		'M',	'1968-04-16',	0	),
	(	'ala.est7801@gmail.com',				'alestes9323',			'Alani',		'Estes',		'F',	'1954-08-19',	0	),
	(	'car.ke7296@live.com',					'carlkeit9442',			'Carlie',		'Keith',		'M',	'1961-12-23',	0	),
	(	'brooklyn.wats3614@yahoo.com',			'brooklynwatso7354',	'Brooklyn',		'Watson',		'F',	'1957-12-26',	0	),
	(	'bro.nash9102@hushmail.com',			'brona5054',			'Brock',		'Nash',			'M',	'1969-10-03',	0	),
	(	'kamde.cohe2053@yahoo.com',				'kamdecohen4928',		'Kamden',		'Cohen',		'M',	'1964-03-30',	0	),
	(	'luc.rus2432@gmail.com',				'lucrus7217',			'Lucy',			'Russell',		'F',	'1961-09-26',	0	),
	(	'max.sears4026@yahoo.com',				'maxwesear9145',		'Maxwell',		'Sears',		'M',	'1960-07-30',	0	),
	(	'pa.vazque8156@live.com',				'pavazque4211',			'Paul',			'Vazquez',		'M',	'1980-08-21',	0	),
	(	'ari.benjam3646@gmail.com',				'arielbenja3106',		'Arielle',		'Benjamin',		'F',	'1993-01-08',	0	),
	(	'nasi.staf3758@live.com',				'nastaffor9239',		'Nasir',		'Stafford',		'M',	'1994-06-20',	0	),
	(	'co.new2378@live.com',					'coranewm2861',			'Cora',			'Newman',		'F',	'1958-09-15',	0	),
	(	'hayle.mcle9777@gmail.com',				'hayleymcleo8141',		'Hayley',		'Mcleod',		'F',	'1950-06-10',	0	),
	(	'kylie.hol6087@gmail.com',				'kylieho4682',			'Kylie',		'Holt',			'F',	'1974-09-10',	0	),
	(	'natalia.osb8876@mail2web.com',			'nataliosborn3564',		'Natalia',		'Osborne',		'F',	'1978-07-13',	0	),
	(	'la.salina3414@gmail.com',				'laynesalina9450',		'Layne',		'Salinas',		'M',	'1980-01-24',	0	),
	(	'lean.rasmuss4934@gmail.com',			'leannarasmus6218',		'Leanna',		'Rasmussen',	'F',	'1976-06-28',	0	),
	(	'kali.mont5341@live.com',				'kalmont3666',			'Kali',			'Montoya',		'F',	'1983-10-26',	0	),
	(	'gavyn.dyer1187@hushmail.com',			'gavydy7930',			'Gavyn',		'Dyer',			'M',	'1965-05-06',	2	),
	(	'cristop.koch1889@yahoo.com',			'cristokoch6961',		'Cristopher',	'Koch',			'M',	'1984-04-20',	0	),
	(	'macke.wood8332@yahoo.com',				'mackewoods8951',		'Mackenzie',	'Woods',		'M',	'1976-07-24',	0	),
	(	'brody.alexand7682@hushmail.com',		'bralexand8930',		'Brody',		'Alexander',	'M',	'1990-12-05',	0	),
	(	'sien.harri9491@mail2web.com',			'sieharris4010',		'Siena',		'Harris',		'F',	'1984-06-22',	0	),
	(	'all.sha4240@gmail.com',				'allissh5741',			'Allison',		'Shaw',			'F',	'1951-02-28',	0	),
	(	'nasi.lo6715@gmail.com',				'nasirlove8375',		'Nasir',		'Love',			'M',	'1994-11-26',	0	),
	(	'quintin.berna7149@mail2web.com',		'quintiberna4877',		'Quintin',		'Bernard',		'M',	'1952-02-18',	0	),
	(	'alyvia.bur1678@hushmail.com',			'alyvburt4502',			'Alyvia',		'Burt',			'F',	'1989-01-04',	0	),
	(	'hale.church5628@gmail.com',			'halechurch1075',		'Haley',		'Church',		'F',	'1974-11-01',	0	),
	(	'gracel.mald3159@mail2web.com',			'gracmaldo5180',		'Gracelynn',	'Maldonado',	'F',	'1961-04-30',	0	),
	(	'jayle.finl4010@gmail.com',				'jaylenefinl3213',		'Jaylene',		'Finley',		'F',	'1965-01-18',	0	),
	(	'adelina.baker1545@gmail.com',			'adelbaker1643',		'Adelina',		'Baker',		'F',	'1959-04-29',	0	),
	(	'is.sho3742@mail2web.com',				'issho5886',			'Isla',			'Short',		'F',	'1971-07-31',	1	),
	(	'ger.kenned1714@gmail.com',				'gerkennedy5705',		'Gerald',		'Kennedy',		'M',	'1987-10-03',	0	),
	(	'patri.hol5748@mail2web.com',			'patholc1695',			'Patrick',		'Holcomb',		'M',	'1993-09-07',	0	),
	(	'kyn.estes8013@yahoo.com',				'kyndales8958',			'Kyndall',		'Estes',		'F',	'1994-07-30',	0	),
	(	'madily.hardi3973@hushmail.com',		'madilynhard7176',		'Madilyn',		'Hardin',		'F',	'1985-01-06',	0	),
	(	'zoi.stei8123@gmail.com',				'zoiestei4424',			'Zoie',			'Stein',		'F',	'1966-08-07',	0	),
	(	'daniel.simmon4210@mail2web.com',		'dansimmons5009',		'Daniela',		'Simmons',		'F',	'1951-03-10',	0	),
	(	'tyro.knox7083@mail2web.com',			'tyrkn2925',			'Tyrone',		'Knox',			'M',	'1995-06-20',	0	),
	(	'jason.willia6535@mail2web.com',		'jasowill3286',			'Jason',		'Williams',		'M',	'1969-01-14',	0	),
	(	'mila.henson7416@hushmail.com',			'milahen4406',			'Milagros',		'Henson',		'F',	'1979-02-10',	0	),
	(	'lel.ball2055@live.com',				'lelabal3522',			'Leland',		'Ball',			'F',	'1984-11-01',	0	),
	(	'nixon.winters4937@yahoo.com',			'niwin7033',			'Nixon',		'Winters',		'M',	'1980-04-28',	0	),
	(	'elliot.wall7850@live.com',				'ellwall3711',			'Elliot',		'Wall',			'M',	'1964-02-17',	0	),
	(	'jordan.hurle7635@mail2web.com',		'jordanhur5822',		'Jordan',		'Hurley',		'M',	'1980-08-19',	0	),
	(	'javi.engl3421@hushmail.com',			'javiengla7838',		'Javion',		'England',		'M',	'1957-11-10',	0	),
	(	'sas.rush2544@hushmail.com',			'sarush4300',			'Sasha',		'Rush',			'F',	'1983-12-12',	0	),
	(	'juni.moon1497@hushmail.com',			'junmoon6394',			'Juniper',		'Moon',			'M',	'1967-04-28',	0	),
	(	'jai.morg7503@hushmail.com',			'jaimorga1858',			'Jaida',		'Morgan',		'F',	'1988-07-08',	0	),
	(	'l.ryan6976@yahoo.com',					'lery4383',				'Lee',			'Ryan',			'M',	'1992-01-21',	0	),
	(	'deva.obrie2909@yahoo.com',				'devobrie7412',			'Devan',		'Obrien',		'M',	'1984-01-08',	0	),
	(	'caiden.ros2659@gmail.com',				'caidenro9050',			'Caiden',		'Ross',			'M',	'1994-02-23',	0	),
	(	'leon.simo1862@yahoo.com',				'leonsim9251',			'Leon',			'Simon',		'M',	'1992-03-21',	0	),
	(	'jacob.rowla2041@mail2web.com',			'jacrowland8688',		'Jacoby',		'Rowland',		'M',	'1957-11-26',	0	),
	(	'saan.eric8970@mail2web.com',			'saanvierickso5908',	'Saanvi',		'Erickson',		'M',	'1960-05-05',	0	),
	(	'tri.dyer3869@hushmail.com',			'tristadyer3434',		'Tristan',		'Dyer',			'M',	'1961-12-16',	0	),
	(	'ellen.mcc2550@hushmail.com',			'ellemcc8021',			'Ellen',		'Mcclure',		'F',	'1961-06-24',	0	),
	(	'el.mcfadden9334@mail2web.com',			'elenmcfadd1473',		'Elena',		'Mcfadden',		'F',	'1969-04-11',	0	),
	(	'mari.grant9917@live.com',				'margra8809',			'Maria',		'Grant',		'F',	'1951-02-24',	0	),
	(	'yarel.mulle4533@gmail.com',			'yaremul2343',			'Yareli',		'Mullen',		'F',	'1954-07-26',	0	),
	(	'ava.tod6130@hushmail.com',				'avatod9030',			'Avah',			'Todd',			'F',	'1979-04-02',	0	),
	(	'regin.barr9802@mail2web.com',			'regbarrer6554',		'Regina',		'Barrera',		'F',	'1966-06-01',	0	),
	(	'ab.elli1654@gmail.com',				'abbieell6536',			'Abbie',		'Ellison',		'F',	'1974-03-15',	0	),
	(	'sincer.fo2612@live.com',				'sincf6465',			'Sincere',		'Fox',			'F',	'1969-02-07',	0	),
	(	'audriana.burr3183@hushmail.com',		'audriburris3787',		'Audriana',		'Burris',		'F',	'1951-01-25',	0	),
	(	'madd.dejesu2571@live.com',				'maddodeje1482',		'Maddox',		'Dejesus',		'F',	'1975-04-25',	0	),
	(	'lenno.kelle9491@mail2web.com',			'lenkelley3699',		'Lennox',		'Kelley',		'M',	'1993-11-03',	0	),
	(	'ol.fulton4974@live.com',				'olifulto2319',			'Olive',		'Fulton',		'M',	'1989-11-16',	0	);

INSERT INTO addresses ( id, user_id, type, country, state, zipcode, full_address ) VALUES
	(	'1',	'amy.boo1835@yahoo.com',			'Entrega',		'United States',	'Massachusetts',	'02086',	'2956 Princeton, Boston, Massachusetts, United States, 02086'							),
	(	'2',	'arm.dorse7807@hushmail.com',		'Domicilio',	'United States',	'Iowa', 			'50339',	'258 122nd, Des Moines, Iowa, United States, 50339'									 	),
	(	'3',	'add.rho5638@hushmail.com',			'Entrega',		'United States',	'Texas', 			'78232',	'9156 Bryn Mawr Av, Corpus Christi, Texas, United States, 78232'						),
	(	'4',	'alex.graha7569@hushmail.com',		'Entrega',		'United States',	'California', 		'94074',	'4802 Morse, Oakland, California, United States, 94074'									),
	(	'5',	'lilya.ter5361@mail2web.com',		'Entrega',		'United States',	'Texas', 			'75969',	'350 Hawthorne, Dallas, Texas, United States, 75969'									),
	(	'6',	'kayli.chaney5293@mail2web.com',	'Domicilio', 	'United States',	'Texas', 			'76731',	'780 Lowell, Fort Worth, Texas, United States, 76731'									),
	(	'7',	'ray.dillar5149@yahoo.com',			'Entrega', 		'United States',	'Texas', 			'70186',	'6593 66th, Houston, Texas, United States, 70186'									 	),
	(	'8',	'marian.hou9120@gmail.com',			'Entrega', 		'United States',	'Pennsylvania', 	'19265',	'1392 29th, Philadelphia, Pennsylvania, United States, 19265'							),
	(	'9',	'hay.whi7187@yahoo.com',			'Domicilio',	'United States',	'Missouri', 		'65735',	'9958 Chicago Skyway Indianapolis Av, Springfield, Missouri, United States, 65735'		),
	(	'10',	'adaly.mcmaho6893@mail2web.com',	'Domicilio',	'United States',	'California', 		'95709',	'6918 34th, Sacramento, California, United States, 95709'								),
	(	'11',	'jaime.russe9205@live.com',			'Entrega', 		'United States',	'California', 		'92815',	'2479 Navarre, Anaheim, California, United States, 92815'								),
	(	'12',	'yas.coole9692@gmail.com',			'Domicilio', 	'United States',	'Colorado', 		'80227',	'6090 Fork Chicago River, Lakewood, Colorado, United States, 80227'						),
	(	'13',	'kat.mcconn9702@yahoo.com',			'Entrega', 		'United States',	'Washington', 		'98099',	'520 84th, Bellevue, Washington, United States, 98099'									),
	(	'14',	'izay.hoover2229@hushmail.com',		'Domicilio', 	'United States',	'Louisiana', 		'70023',	'7323 Granville, Baton Rouge, Louisiana, United States, 70023'							),
	(	'15',	'colt.simp5670@hushmail.com',		'Entrega', 		'United States',	'Massachusetts', 	'01181',	'9397 Granville, Springfield, Massachusetts, United States, 01181'						),
	(	'16',	'jere.fost9895@yahoo.com',			'Entrega', 		'United States',	'Alabama', 			'36196',	'7284 Elliott, Montgomery, Alabama, United States, 36196 '								),
	(	'17',	'jaycob.alford9843@gmail.com',		'Domicilio', 	'United States',	'Colorado', 		'80519',	'6546 Seymour, Fort Collins, Colorado, United States, 80519'							),
	(	'18',	'ar.daug9155@hushmail.com',			'Entrega', 		'United States',	'Massachusetts', 	'02222',	'7337 55th, Boston, Massachusetts, United States, 02222'								),
	(	'19',	'mos.fue4434@gmail.com',			'Domicilio', 	'United States',	'California', 		'91945',	'6019 Tahoma, Chula Vista, California, United States, 91945'							),
	(	'20',	'fel.gree3616@yahoo.com',			'Entrega', 		'United States',	'Colorado', 		'80298',	'5872 Byron, Thornton, Colorado, United States, 80298'									),
	(	'21',	'london.blanchar8914@gmail.com',	'Domicilio',	'United States',	'Georgia', 			'31382',	'1360 Naval Armory, Savannah, Georgia, United States, 31382'							),
	(	'22',	'ster.booker1708@yahoo.com',		'Domicilio', 	'United States',	'California', 		'92685',	'2103 Van Vlissingen, Santa Ana, California, United States, 92685'						),
	(	'23',	'annabel.cook8674@yahoo.com',		'Domicilio', 	'United States',	'Colorado', 		'80571',	'1268 Hazel, Fort Collins, Colorado, United States, 80571'								),
	(	'24',	'kasey.schneider4625@mail2web.com',	'Entrega', 		'United States',	'Michigan', 		'49572',	'6834 Damen, Grand Rapids, Michigan, United States, 49572'								),
	(	'25',	'esmer.arno2303@mail2web.com',		'Entrega', 		'United States',	'California', 		'94538',	'4557 Conservatory, Fremont, California, United States, 94538'							),
	(	'26',	'aryan.bonner9327@yahoo.com',		'Domicilio', 	'United States',	'Kansas', 			'66077',	'1291 Leyden, Olathe, Kansas, United States, 66077'									 	),
	(	'27',	'sky.hill9440@live.com',			'Domicilio', 	'United States',	'Virginia', 		'22216',	'3092 Avenue L, Alexandria, Virginia, United States, 22216'								),
	(	'28',	'jim.caldwe4920@live.com',			'Entrega', 		'United States',	'Virginia', 		'22236',	'7521 Cortland, Alexandria, Virginia, United States, 22236'								),
	(	'29',	'libe.cr1234@gmail.com',			'Domicilio', 	'United States',	'Pennsylvania', 	'18156',	'6092 Walnut, Allentown, Pennsylvania, United States, 18156'							),
	(	'30',	'kenned.bro3729@yahoo.com',			'Entrega', 		'United States',	'California', 		'91942',	'3054 Commonwealth, Chula Vista, California, United States, 91942'						),
	(	'31',	'maximilia.ro3128@gmail.com',		'Domicilio', 	'United States',	'Utah', 			'84077',	'6431 Parnell, Provo, Utah, United States, 84077'									 	),
	(	'32',	'samir.gar7260@live.com',			'Domicilio', 	'United States',	'New York', 		'10587',	'7178 Charles, New York, New York, United States, 10587'								),
	(	'33',	'bobby.logan4620@yahoo.com',		'Entrega',		'United States',	'Kentucky', 		'40538',	'6835 Luella, Lexington, Kentucky, United States, 405380'								),
	(	'34',	'ala.est7801@gmail.com',			'Entrega',		'United States',	'Illinois', 		'61552',	'9935 Nettleton, Peoria, Illinois, United States, 61552'								),
	(	'35',	'car.ke7296@live.com',				'Entrega',		'United States',	'Illinois', 		'60258',	'9814 Nora, Chicago, Illinois, United States, 60258'									),
	(	'36',	'brooklyn.wats3614@yahoo.com',		'Entrega',		'United States',	'Florida', 			'33804',	'6938 Mcdowell, Miami, Florida, United States, 33804'									),
	(	'37',	'bro.nash9102@hushmail.com',		'Domicilio',	'United States',	'Texas', 			'70174',	'4565 Conservatory, Houston, Texas, United States, 70174'								),
	(	'38',	'kamde.cohe2053@yahoo.com',			'Domicilio',	'United States',	'Indiana', 			'46467',	'8166 Russell, Indianapolis, Indiana, United States, 46467'								),
	(	'39',	'luc.rus2432@gmail.com',			'Domicilio',	'United States',	'California', 		'90736',	'9694 122nd, Long Beach, California, United States, 90736 '								),
	(	'40',	'max.sears4026@yahoo.com',			'Domicilio',	'United States',	'South Carolina', 	'29099',	'4119 Oak Park, Columbia, South Carolina, United States, 29099'							),
	(	'41',	'pa.vazque8156@live.com',			'Entrega', 		'United States',	'Massachusetts', 	'01121',	'4277 Weed, Springfield, Massachusetts, United States, 01121'							),
	(	'42',	'ari.benjam3646@gmail.com',			'Domicilio', 	'United States',	'Colorado', 		'80892',	'56 Brennan, Colorado Springs, Colorado, United States, 80892'							),
	(	'43',	'nasi.staf3758@live.com',			'Domicilio', 	'United States',	'Colorado', 		'80263',	'7919 Plymouth, Thornton, Colorado, United States, 80263'								),
	(	'44',	'co.new2378@live.com',				'Entrega', 		'United States',	'Louisiana', 		'70854',	'9958 Keene, Baton Rouge, Louisiana, United States, 70854'								),
	(	'45',	'hayle.mcle9777@gmail.com',			'Domicilio', 	'United States',	'Alaska', 			'99132',	'3914 Lundy, Anchorage, Alaska, United States, 99132'									),
	(	'46',	'kylie.hol6087@gmail.com',			'Entrega', 		'United States',	'Texas', 			'75008',	'7689 Hermione, Irving, Texas, United States, 75008'									),
	(	'47',	'natalia.osb8876@mail2web.com',		'Entrega', 		'United States',	'Florida', 			'32895',	'2418 Sell, Orlando, Florida, United States, 32895'									 	),
	(	'48',	'la.salina3414@gmail.com',			'Domicilio', 	'United States',	'California', 		'93072',	'751 Jessie, Oxnard, California, United States, 93072'									),
	(	'49',	'lean.rasmuss4934@gmail.com',		'Entrega', 		'United States',	'Texas', 			'70181',	'4296 Vernon, Houston, Texas, United States, 70181'									 	),
	(	'50',	'kali.mont5341@live.com',			'Domicilio', 	'United States',	'California', 		'95078',	'6835 Lsd Wacker Dr, San Jose, California, United States, 95078'						),
	(	'51',	'gavyn.dyer1187@hushmail.com',		'Domicilio', 	'United States',	'California', 		'92377',	'3397 Dan Ryan 51st St, Fontana, California, United States, 92377'						),
	(	'52',	'cristop.koch1889@yahoo.com',		'Entrega', 		'United States',	'California', 		'91901',	'1188 Reserve, Chula Vista, California, United States, 91901'							),
	(	'53',	'macke.wood8332@yahoo.com',			'Domicilio', 	'United States',	'North Carolina', 	'27851',	'3924 105th, Durham, North Carolina, United States, 27851 '								),
	(	'54',	'brody.alexand7682@hushmail.com',	'Entrega', 		'United States',	'Oregon', 			'97518',	'5930 Kennedy Sayre Av, Portland, Oregon, United States, 97518'							),
	(	'55',	'sien.harri9491@mail2web.com',		'Domicilio', 	'United States',	'Tennessee', 		'37168',	'3301 Lehigh, Murfreesboro, Tennessee, United States, 37168'							),
	(	'56',	'all.sha4240@gmail.com',			'Entrega', 		'United States',	'New Jersey', 		'07201',	'1374 Kennedy California Av, Elizabeth, New Jersey, United States, 07201'				),
	(	'57',	'nasi.lo6715@gmail.com',			'Entrega', 		'United States',	'Tennessee', 		'37898',	'2309 Commercial, Chattanooga, Tennessee, United States, 37898'							),
	(	'58',	'quintin.berna7149@mail2web.com',	'Entrega', 		'United States',	'Massachusetts', 	'02767',	'8884 Westgate, Boston, Massachusetts, United States, 02767'							),
	(	'59',	'alyvia.bur1678@hushmail.com',		'Domicilio', 	'United States',	'Michigan', 		'49582',	'9552 Ib Eisenhower Ob Dan Ryan, Grand Rapids, Michigan, United States, 49582'			),
	(	'60',	'hale.church5628@gmail.com',		'Entrega', 		'United States',	'Kentucky', 		'40533',	'7214 Sunnyside, Lexington, Kentucky, United States, 405337'							),
	(	'61',	'gracel.mald3159@mail2web.com',		'Entrega', 		'United States',	'Pennsylvania', 	'19311',	'9332 South Water Lower, Philadelphia, Pennsylvania, United States, 19311'				),
	(	'62',	'jayle.finl4010@gmail.com',			'Entrega', 		'United States',	'Pennsylvania', 	'15197',	'5397 Circle, Pittsburgh, Pennsylvania, United States, 15197'							),
	(	'63',	'adelina.baker1545@gmail.com',		'Entrega', 		'United States',	'New York', 		'10096',	'1327 Independence, New York, New York, United States, 10096'							),
	(	'64',	'is.sho3742@mail2web.com',			'Domicilio', 	'United States',	'New York', 		'14687',	'2608 Thomas Barclay, Rochester, New York, United States, 14687'						),
	(	'65',	'ger.kenned1714@gmail.com',			'Entrega', 		'United States',	'Nevada', 			'89445',	'8441 Paulina, Las Vegas, Nevada, United States, 89445'									),
	(	'66',	'patri.hol5748@mail2web.com',		'Domicilio',	'United States',	'North Carolina', 	'27497',	'8733 Altgeld, Greensboro, North Carolina, United States, 27497'						),
	(	'67',	'kyn.estes8013@yahoo.com',			'Entrega', 		'United States',	'Texas', 			'76027',	'9709 Ponchartrain, Fort Worth, Texas, United States, 76027'							),
	(	'68',	'madily.hardi3973@hushmail.com',	'Entrega', 		'United States',	'Arizona', 			'85067',	'897 Lemont, Scottsdale, Arizona, United States, 85067'									),
	(	'69',	'zoi.stei8123@gmail.com',			'Entrega', 		'United States',	'Oregon', 			'97480',	'7050 Dan Ryan Canalport Av, Eugene, Oregon, United States, 97480'						),
	(	'70',	'daniel.simmon4210@mail2web.com',	'Domicilio', 	'United States',	'Alabama', 			'35011',	'4175 Jasper, Birmingham, Alabama, United States, 35011'								),
	(	'71',	'tyro.knox7083@mail2web.com',		'Entrega', 		'United States',	'Illinois', 		'60738',	'8215 Dan Ryan Ob Dan Ryan, Chicago, Illinois, United States, 60738'					),
	(	'72',	'jason.willia6535@mail2web.com',	'Entrega', 		'United States',	'California', 		'93111',	'7515 Marcey, Bakersfield, California, United States, 93111'							),
	(	'73',	'mila.henson7416@hushmail.com',		'Domicilio', 	'United States',	'New York', 		'10683',	'7490 Navarre, New York, New York, United States, 10683'								),
	(	'74',	'lel.ball2055@live.com',			'Domicilio', 	'United States',	'Washington', 		'99222',	'4404 Kedvale, Spokane, Washington, United States, 99222'								),
	(	'75',	'nixon.winters4937@yahoo.com',		'Entrega', 		'United States',	'Nevada', 			'89630',	'371 Onarga, Las Vegas, Nevada, United States, 89630'									),
	(	'76',	'elliot.wall7850@live.com',			'Domicilio',	'United States',	'Arkansas', 		'72169',	'6344 Delano, Little Rock, Arkansas, United States, 72169 '								),
	(	'77',	'jordan.hurle7635@mail2web.com',	'Domicilio',	'United States',	'New York', 		'13217',	'7344 Carmen, Syracuse, New York, United States, 13217'									),
	(	'78',	'javi.engl3421@hushmail.com',		'Domicilio',	'United States',	'Colorado', 		'80205',	'5207 Beach, Lakewood, Colorado, United States, 80205'									),
	(	'79',	'sas.rush2544@hushmail.com',		'Domicilio',	'United States',	'Ohio', 			'44025',	'3429 Pine Grove, Cleveland, Ohio, United States, 44025'								),
	(	'80',	'juni.moon1497@hushmail.com',		'Domicilio',	'United States',	'Texas', 			'70011',	'6663 Dan Ryan Ob Stevenson Ib, Houston, Texas, United States, 70011'					),
	(	'81',	'jai.morg7503@hushmail.com',		'Entrega', 		'United States',	'California', 		'92536',	'6375 Giddings, Riverside, California, United States, 92536 '							),
	(	'82',	'l.ryan6976@yahoo.com',				'Domicilio', 	'United States',	'Oklahoma', 		'73012',	'7403 New, Norman, Oklahoma, United States, 73012'									 	),
	(	'83',	'deva.obrie2909@yahoo.com',			'Domicilio', 	'United States',	'New Jersey', 		'07258',	'3112 Tripp, Elizabeth, New Jersey, United States, 07258'								),
	(	'84',	'caiden.ros2659@gmail.com',			'Entrega', 		'United States',	'California', 		'92549',	'8808 Landers, Riverside, California, United States, 92549 '							),
	(	'85',	'leon.simo1862@yahoo.com',			'Entrega', 		'United States',	'Florida', 			'33436',	'499 Normandy, Tampa, Florida, United States, 33436'									),
	(	'86',	'jacob.rowla2041@mail2web.com',		'Entrega', 		'United States',	'Massachusetts', 	'02447',	'9390 Newport, Boston, Massachusetts, United States, 02447'								),
	(	'87',	'saan.eric8970@mail2web.com',		'Domicilio', 	'United States',	'Nevada', 			'89004',	'169 76th St Ford City, Henderson, Nevada, United States, 89004'						),
	(	'88',	'tri.dyer3869@hushmail.com',		'Entrega', 		'United States',	'Louisiana', 		'70318',	'6650 Stephen A Douglas, Baton Rouge, Louisiana, United States, 70318'					),
	(	'89',	'ellen.mcc2550@hushmail.com',		'Entrega', 		'United States',	'Arkansas', 		'72137',	'1751 Seipp, Little Rock, Arkansas, United States, 72137 '								),
	(	'90',	'el.mcfadden9334@mail2web.com',		'Domicilio', 	'United States',	'California', 		'90147',	'630 105th, Los Angeles, California, United States, 90147'								),
	(	'91',	'mari.grant9917@live.com',			'Entrega', 		'United States',	'New Hampshire', 	'03105',	'9917 Rutherford, Manchester, New Hampshire, United States, 03105'						),
	(	'92',	'yarel.mulle4533@gmail.com',		'Entrega', 		'United States',	'Indiana', 			'47762',	'745 Navarre, Evansville, Indiana, United States, 47762'								),
	(	'93',	'ava.tod6130@hushmail.com',			'Domicilio', 	'United States',	'California', 		'95352',	'4932 Wacker Ramp, Modesto, California, United States, 95352'							),
	(	'94',	'regin.barr9802@mail2web.com',		'Entrega',		'United States',	'California', 		'95623',	'4026 Winnebago, Stockton, California, United States, 95623 '							),
	(	'95',	'ab.elli1654@gmail.com',			'Entrega',		'United States',	'Arizona', 			'85222',	'8425 Montgomery, Chandler, Arizona, United States, 85222'								),
	(	'96',	'sincer.fo2612@live.com',			'Entrega',		'United States',	'Illinois', 		'61106',	'4463 Summit, Rockford, Illinois, United States, 61106'									),
	(	'97',	'audriana.burr3183@hushmail.com',	'Entrega',		'United States',	'California', 		'92380',	'6861 36th, Fontana, California, United States, 92380'									),
	(	'98',	'madd.dejesu2571@live.com',			'Entrega',		'United States',	'Colorado', 		'80043',	'1326 Ohare, Aurora, Colorado, United States, 80043'									),
	(	'99',	'lenno.kelle9491@mail2web.com',		'Entrega',		'United States',	'Connecticut', 		'06115',	'3757 Eisenhower Wacker Dr, Hartford, Connecticut, United States, 06115'				),
	(	'100',	'ol.fulton4974@live.com',			'Domicilio', 	'United States',	'California', 		'93535',	'8748 Winthrop, Fresno, California, United States, 93535'								);

INSERT INTO payment_methods ( account, issuer, enable ) VALUES
	(	'6496041476353349', 				'Discover', 			'1'		),
	(	'6444377956515137', 				'Discover', 			'1'		),
	(	'6464376427754650', 				'Discover', 			'1'		),
	(	'36757744189906', 					'Diners Club', 			'1'		),
	(	'6482529137034866', 				'Discover', 			'1'		),
	(	'6447856098248654', 				'Discover', 			'1'		),
	(	'36770040421295', 					'Diners Club', 			'1'		),
	(	'340957385013644', 					'American Express', 	'1'		),
	(	'5138697811192977', 				'MasterCard', 			'1'		),
	(	'6011850643007141', 				'Discover', 			'1'		),
	(	'5112433661056389', 				'MasterCard', 			'1'		),
	(	'4213568929963453', 				'visa', 				'1'		),
	(	'6011511215328683', 				'Discover', 			'1'		),
	(	'36335648807277', 					'Diners Club', 			'1'		),
	(	'6453092005778879', 				'Discover', 			'1'		),
	(	'370093798738438', 					'American Express', 	'1'		),
	(	'5326802315549431', 				'MasterCard', 			'1'		),
	(	'5257155996684511', 				'MasterCard', 			'1'		),
	(	'36764745691435', 					'Diners Club', 			'1'		),
	(	'371959403968298', 					'American Express',		'1'		),
	(	'343901565095275', 					'American Express',		'1'		),
	(	'4436329907312739', 				'visa',					'1'		),
	(	'4560249346419747', 				'visa',					'1'		),
	(	'6493697629746136', 				'Discover', 			'1'		),
	(	'4594295304406903', 				'visa', 				'1'		),
	(	'36198828924985', 					'Diners Club', 			'1'		),
	(	'340098638404742', 					'American Express', 	'1'		),
	(	'373972651953308', 					'American Express', 	'1'		),
	(	'36860520650230', 					'Diners Club', 			'1'		),
	(	'5367912096282704', 				'MasterCard', 			'1'		),
	(	'36371939413137', 					'Diners Club', 			'1'		),
	(	'5510045059338852', 				'MasterCard', 			'1'		),
	(	'36595062354359', 					'Diners Club', 			'1'		),
	(	'378378990495420', 					'American Express', 	'1'		),
	(	'36089330851784', 					'Diners Club', 			'1'		),
	(	'4721888234685400', 				'visa', 				'1'		),
	(	'4056214433652379', 				'visa', 				'1'		),
	(	'5387157518165683', 				'MasterCard', 			'1'		),
	(	'4161524129380347', 				'visa', 				'1'		),
	(	'4371065840129916', 				'visa', 				'1'		),
	(	'6443119303958599', 				'Discover', 			'1'		),
	(	'6485121436468792', 				'Discover', 			'1'		),
	(	'36537215151050', 					'Diners Club', 			'1'		),
	(	'342287720560465', 					'American Express', 	'1'		),
	(	'6486774022416259', 				'Discover', 			'1'		),
	(	'6450609786817429', 				'Discover', 			'1'		),
	(	'378497828300030', 					'American Express', 	'1'		),
	(	'5148570136100090', 				'MasterCard', 			'1'		),
	(	'377922297140097', 					'American Express', 	'1'		),
	(	'341370408486475', 					'American Express', 	'1'		),
	(	'gavyn.dyer1187@hushmail.com',		'Google Wallet',		'1'		),
	(	'cristop.koch1889@yahoo.com',		'Google Wallet',		'1'		),
	(	'macke.wood8332@yahoo.com',			'Dwolla',				'1'		),
	(	'brody.alexand7682@hushmail.com',	'Paypal',				'1'		),
	(	'sien.harri9491@mail2web.com',		'Google Wallet',		'1'		),
	(	'all.sha4240@gmail.com',			'Paypal',				'1'		),
	(	'nasi.lo6715@gmail.com',			'Google Wallet',		'1'		),
	(	'quintin.berna7149@mail2web.com',	'Google Wallet',		'1'		),
	(	'alyvia.bur1678@hushmail.com',		'Paypal',				'1'		),
	(	'hale.church5628@gmail.com',		'Google Wallet',		'1'		),
	(	'gracel.mald3159@mail2web.com',		'Paypal',				'1'		),
	(	'jayle.finl4010@gmail.com',			'Dwolla',				'1'		),
	(	'adelina.baker1545@gmail.com',		'Paypal',				'1'		),
	(	'is.sho3742@mail2web.com',			'Google Wallet',		'1'		),
	(	'ger.kenned1714@gmail.com',			'Dwolla',				'1'		),
	(	'patri.hol5748@mail2web.com',		'Google Wallet',		'1'		),
	(	'kyn.estes8013@yahoo.com',			'Paypal',				'1'		),
	(	'madily.hardi3973@hushmail.com',	'Dwolla',				'1'		),
	(	'zoi.stei8123@gmail.com',			'Google Wallet',		'1'		),
	(	'daniel.simmon4210@mail2web.com',	'Google Wallet',		'1'		),
	(	'tyro.knox7083@mail2web.com',		'Dwolla',				'1'		),
	(	'jason.willia6535@mail2web.com',	'Google Wallet',		'1'		),
	(	'mila.henson7416@hushmail.com',		'Paypal',				'1'		),
	(	'lel.ball2055@live.com',			'Dwolla',				'1'		),
	(	'nixon.winters4937@yahoo.com',		'Dwolla',				'1'		),
	(	'elliot.wall7850@live.com',			'Paypal',				'1'		),
	(	'jordan.hurle7635@mail2web.com',	'Dwolla',				'1'		),
	(	'javi.engl3421@hushmail.com',		'Dwolla',				'1'		),
	(	'sas.rush2544@hushmail.com',		'Paypal',				'1'		),
	(	'juni.moon1497@hushmail.com',		'Paypal',				'1'		),
	(	'jai.morg7503@hushmail.com',		'Paypal',				'1'		),
	(	'l.ryan6976@yahoo.com',				'Paypal',				'1'		),
	(	'deva.obrie2909@yahoo.com',			'Dwolla',				'1'		),
	(	'caiden.ros2659@gmail.com',			'Paypal',				'1'		),
	(	'leon.simo1862@yahoo.com',			'Paypal',				'1'		),
	(	'jacob.rowla2041@mail2web.com',		'Paypal',				'1'		),
	(	'saan.eric8970@mail2web.com',		'Paypal',				'1'		),
	(	'tri.dyer3869@hushmail.com',		'Google Wallet',		'1'		),
	(	'ellen.mcc2550@hushmail.com',		'Google Wallet',		'1'		),
	(	'el.mcfadden9334@mail2web.com',		'Paypal',				'1'		),
	(	'mari.grant9917@live.com',			'Google Wallet',		'1'		),
	(	'yarel.mulle4533@gmail.com',		'Dwolla',				'1'		),
	(	'ava.tod6130@hushmail.com',			'Google Wallet',		'1'		),
	(	'regin.barr9802@mail2web.com',		'Google Wallet',		'1'		),
	(	'ab.elli1654@gmail.com',			'Paypal',				'1'		),
	(	'sincer.fo2612@live.com',			'Google Wallet',		'1'		),
	(	'audriana.burr3183@hushmail.com',	'Google Wallet',		'1'		),
	(	'madd.dejesu2571@live.com',			'Dwolla',				'1'		),
	(	'lenno.kelle9491@mail2web.com',		'Paypal',				'1'		),
	(	'ol.fulton4974@live.com',			'Paypal',				'1'		);

INSERT INTO categories ( id, category_name ) VALUES
	(	'1',	'Drama'				),
	(	'2',	'Comedia'			),
	(	'6',	'Acción'			),
	(	'7',	'Familiar'			),
	(	'8',	'Crimen'			),
	(	'9',	'Fantasía'			),
	(	'10',	'Histórica'			),
	(	'12',	'Romántica'			),
	(	'15',	'Ciencia ficción'	),
	(	'17',	'Terror'			);

INSERT INTO subcategories VALUES
	(	'1',	'1',	'Docudrama'	),
	(	'2',	'1',	'Tragedia'	),
	(	'3',	'6',	'Espía'		),
	(	'4',	'6',	'Thriller'	),
	(	'5',	'6',	'Artes marciales'	),
	(	'6',	'6',	'Lejano oeste'		),
	(	'7',	'8',	'Detective'	),
	(	'8',	'8',	'Mafia'	),
	(	'9',	'8',	'Judicial'	),
	(	'10',	'9',	'Superhéroe'	),
	(	'11',	'9',	'Heróica'		),
	(	'12',	'9',	'Épica'	),
	(	'13',	'9',	'Hadas'		),
	(	'14',	'10',	'Desastre'	),
	(	'15',	'10',	'Biografía'		),
	(	'16',	'12',	'Chick flick'	),
	(	'17',	'12',	'Melodrama'	),
	(	'18',	'7',	'Aventura'		),
	(	'19',	'7',	'Animada'		),
	(	'20',	'17',	'Sangrienta'	),
	(	'21',	'17',	'Suspenso'	),
	(	'22',	'17',	'Paranormal'	),
	(	'23',	'17',	'Monstruos'		),
	(	'24',	'15',	'Futurística'	),
	(	'25',	'15',	'Espacial'		),
	(	'26',	'15',	'Apocalíptica'	),
	(	'27',	'2',	'Comedia romántica'	),
	(	'28',	'2',	'Parodia'		);

INSERT INTO products ( id, code, name, price, stock_quantity, format, languages, subtitles, release_year, runtime, subcategory_id, enable, more_details ) VALUES
	(	'561f3725-eaf4-426a-9a50-2bb8b8373b57',		'BPR-3586',	'Les Choristes',			30.34,	78, 	'DVD', 		'Francés',			'Español, Inglés, Francés, Alemán',				2004,	96,		'1',	'1',	'Director: Christophe Barratier; Productor: Arthur Cohn, Jacques Perrin, Gérard Jugnot; Guión: Carla Cea; Música: Bruno Coulais; Sonido: Gonzalo Tranacán; Sinopsis: En 1948 Clément Mathieu, profesor de música desempleado, acepta un puesto como profesor vigilante en un internado de reeducación de menores. El sistema represivo aplicado por el director conmociona a Mathieu. Enseñándoles música y canto coral a estos niños tan difíciles, Mathieu transformará sus vidas cotidianas.'	),
	(	'561f3802-f9d8-4b8e-bb96-2bb8b8373b57',		'LOE-3618',	'Volver',					43.65,	380,	'DVD', 		'Español',		 	'Español, Inglés, Francés, Alemán',				2006,	110,	'1',	'1',	'Director: Pedro Almodóvar; Productor: Augustín Almodóvar, Esther García; Guión: Pedro Almodóvar; Música: Alberto Iglesias, Estrella Morente; Sinopsis: Raimunda (Penélope Cruz) es manchega, pero vive en Madrid. Está casada con un obrero en paro (Antonio de la Torre) y tiene una hija adolescente (Yohana Cobo). Su hermana Sole (Lola Dueñas) se gana la vida como peluquera. Ambas echan de menos a su madre (Carmen Maura), que murió en un incendio. Pero, inesperadamente, la madre se presenta en casa de su hermana (Lampreave); después va a ver a Sole, a Raimunda y a Agustina (Portillo), una vecina del pueblo. '	),
	(	'561f38d8-af50-4af4-85b9-2bb8b8373b57',		'ANS-8151',	'La piel que habito',		98.06,	103,	'Bluray', 	'Español',		 	'Español, Inglés, Francés, Alemán',				2011,	115,	'19',	'1',	'Director: Pedro Almodóvar; Productor: Augustín Almodóvar, Esther García; Guión: Pedro Almodóvar; Música: Alberto Iglesias; Sonido: Iván Marín; Sinopsis: Desde que su mujer sufrió quemaduras en todo el cuerpo a raíz de un accidente de coche, el doctor Robert Ledgard, eminente cirujano plástico, ha dedicado años de estudio y experimentación a la elaboración de una nueva piel con la que hubiera podido salvarla; se trata de una piel sensible a las caricias, pero que funciona como una auténtica coraza contra toda clase de agresiones, tanto externas como internas. Para poner en práctica este hallazgo revolucionario es preciso carecer de escrúpulos, y Ledgard no los tiene. Pero, además, necesita una cobaya humana y un cómplice. Marilia, la mujer que lo cuidó desde niño, es de una fidelidad perruna: nunca le fallará. El problema será encontrar la cobaya humana.'	),
	(	'561f3978-6c58-4f33-8cd8-2bb8b8373b57',		'PGH-6358',	'Schindler\'s List',		34.96,	238,	'DVD', 		'Inglés',		 	'Español, Inglés, Francés, Alemán',				1993,	195,	'2',	'1',	'Director: Steven Spielberg; Productor: Steven Spielberg, Branko Lustig, Gerald R. Molen; Guión; Steven Zaillian; Música: John Williams; Sinopsis: Segunda Guerra Mundial (1939-1945). Oskar Schindler (Liam Neeson), un hombre de enorme astucia y talento para las relaciones públicas, organiza un ambicioso plan para ganarse la simpatía de los nazis. Después de la invasión de Polonia por los alemanes (1939), consigue, gracias a sus relaciones con los nazis, la propiedad de una fábrica de Cracovia. Allí emplea a cientos de operarios judíos, cuya explotación le hace prosperar rápidamente. Su gerente (Ben Kingsley), también judío, es el verdadero director en la sombra, pues Schindler carece completamente de conocimientos para dirigir una empresa.'	),
	(	'561f3a2a-a6bc-4f60-bc2f-2bb8b8373b57',		'KQH-0566',	'American History X',		84.80,	428,	'DVD', 		'Inglés, Español', 	'Español, Inglés, Francés, Alemán',				1998,	119,	'3',	'1',	'Director: Tony Kaye; Productor: John Morrissey; Guión: David McKenna; Música: Anne Dudley; Sinopsis: Derek (Edward Norton), un joven "skin head" californiano de ideología neonazi, fue encarcelado por asesinar a un negro que pretendía robarle su furgoneta. Cuando sale de prisión y regresa a su barrio dispuesto a alejarse del mundo de la violencia, se encuentra con que su hermano pequeño (Edward Furlong), para quien Derek es el modelo a seguir, sigue el mismo camino que a él lo condujo a la cárcel. '	),
	(	'561f3ac3-2160-41b2-8982-2bb8b8373b57',		'TTY-2828',	'Camino',					76.03,	265,	'Bluray', 	'Español',		 	'Español, Inglés, Francés, Alemán',				2008,	143,	'4',	'1',	'Director: Javier Fesser; Productor: Jaume Roures, Javier Fesser, Luis Manso; Guión: Javier Fesser; Música: Rafael Arnau, Mario Gosálvez; Sinopsis: Una aventura emocional en torno a una deslumbrante niña de once años, muy religiosa, que se enfrenta al mismo tiempo a dos acontecimientos que son completamente nuevos para ella: enamorarse y morir. \'Camino\' es, sobre todo, una luz brillante capaz de atravesar todas y cada una de las tenebrosas puertas que se van cerrando ante ella, y que pretenden en vano sumir en la oscuridad su deseo de vivir, amar y sentirse definitivamente feliz. Inspirada en la verdadera historia de Alexia González Barros, la hija menor de una familia perteneciente al Opus Dei, que falleció en 1985 a los 14 años de edad, y que actualmente está en proceso de canonización.'	),
	(	'561f3bdc-8120-46b2-a54d-2bb8b8373b57',		'GMR-2072',	'Whiplash',					16.31,	383,	'Bluray', 	'Inglés, Español', 	'Español, Inglés, Francés, Alemán',				2014,	107,	'5',	'1',	'Director: Damien Chazelle; Productor: David Lancaster, Michel Litvak, Jason Blum; Guión: Damien Chazelle; Música: Justin Hurwitz; Sinopsis: El objetivo de Andrew Neiman (Miles Teller), un joven y ambicioso baterista de jazz, es triunfar en el elitista Conservatorio de Música de la Costa Este en el que estudia. Marcado por el fracaso de la carrera literaria de su padre, Andrew alberga sueños de grandeza. Terence Fletcher (J.K. Simmons), un profesor conocido tanto por su talento como por sus rigurosos métodos de enseñanza, dirige el mejor conjunto de jazz del Conservatorio. Cuando Fletcher elige a Andrew para formar parte del conjunto musical que dirige, cambia para siempre la vida del joven. '	),
	(	'561f3c76-14fc-4e56-a506-2bb8b8373b57',		'HWO-7576',	'Intouchables',				17.30,	360,	'Bluray', 	'Francés',		 	'Español, Inglés, Francés, Portugués',			2011,	113,	'11',	'1',	'Director: Olivier Nakache, Éric Toledano; Productor: Harvey Weinstein; Guión: Olivier Nakache; Música: Ludovico Einaudi; Sinopsis: Philippe, un aristócrata millonario que se ha quedado tetrapléjico a causa de un accidente de parapente, contrata como cuidador a domicilio a Driss, un inmigrante de un barrio marginal recién salido de la cárcel. Aunque, a primera vista, no parece la persona más indicada, los dos acaban logrando que convivan Vivaldi y Earth Wind and Fire, la elocuencia y la hilaridad, los trajes de etiqueta y el chándal. Dos mundos enfrentados que, poco a poco, congenian hasta forjar una amistad tan disparatada, divertida y sólida como inesperada, una relación única en su especie de la que saltan chispas.'	),
	(	'561f3d16-f3c8-4909-88a7-2bb8b8373b57',		'NLE-2540',	'Amélie',					13.26,	493,	'Bluray', 	'Francés',		 	'Español, Inglés, Francés, Portugués',			2001,	122,	'12',	'1',	'Director: Jean-Pierre Jeunet; Productor: Jean-Marc Deschamps; Guión: Jean-Pierre Jeunet, Guillaume Laurant; Música: Yann Tiersen; Sinopsis: Amelie no es una chica como las demás. Ha visto a su pez de colores deslizarse hacia las alcantarillas municipales, a su madre morir en la plaza de Nôtre-Dame y a su padre dedicar todo su afecto a un gnomo de jardín. De repente, a los veintidós años, descubre su objetivo en la vida: arreglar la vida de los demás. A partir de entonces, inventa toda clase de estrategias para intervenir en los asuntos de los demás: su portera, que se pasa los días bebiendo vino de Oporto; Georgette, una estanquera hipocondríaca, o "el hombre de cristal", un vecino que sólo ve el mundo a través de la reproducción de un cuadro de Renoir.'	),
	(	'561f3d94-8550-49f2-b072-2bb8b8373b57',		'MDH-6350',	'The Pianist',				63.23,	458,	'Bluray', 	'Español, Alemán', 	'Español, Inglés, Francés, Portugués',			2002,	150,	'2',	'1',	''	),
	(	'561f3de9-b954-478e-a820-2bb8b8373b57',		'LSI-4425',	'Buscando a Nemo',			60.63,	47, 	'DVD', 		'Español',		 	'Español, Inglés, Francés, Portugués',			2003,	100,	'14',	'1',	''	),
	(	'561f3e37-a91c-4b33-8c5f-2bb8b8373b57',		'LSM-6123',	'Hotel Rwanda',				63.28,	469,	'DVD', 		'Inglés, Español', 	'Español, Inglés, Francés, Portugués',			2004,	121,	'2',	'1',	''	),
	(	'561f3e83-c6dc-4fc1-9c43-2bb8b8373b57',		'AQA-4470',	'Los Vengadores',			95.19,	283,	'DVD', 		'Español',		 	'Español, Inglés, Francés, Portugués',			2012,	143,	'22',	'1',	''	),
	(	'561f3eef-b9c0-4ffc-a00f-2bb8b8373b57',		'OPB-9258',	'Monsters, Inc.',			53.06,	452,	'DVD', 		'Inglés, Español', 	'Español, Inglés, Francés, Portugués',			2001,	92,		'14',	'1',	''	),
	(	'561f3f4d-2ce0-44dc-a2b8-2bb8b8373b57',		'CJZ-1370',	'Sueño de Fuga',			77.55,	89, 	'Bluray', 	'Inglés, Español', 	'Español, Inglés, Francés, Portugués',			1994,	142,	'25',	'1',	''	),
	(	'561f3f8f-56c0-4203-8283-2bb8b8373b57',		'HBZ-8093',	'El club de la pelea',		61.18,	29, 	'Bluray', 	'Español',		 	'Español, Inglés, Francés, Portugués',			1999,	139,	'6',	'1',	''	),
	(	'561f3fd9-bfa8-4501-b16b-2bb8b8373b57',		'BVZ-1927',	'El Origen',				72.11,	362,	'DVD', 		'Inglés',		 	'Español, Inglés, Alemán, Portugués',			2010,	148,	'22',	'1',	''	),
	(	'561f4031-d200-47a8-a3fe-2bb8b8373b57',		'DLR-5429',	'Interstelar',				17.94,	140,	'Bluray', 	'Inglés, Español', 	'Español, Inglés, Alemán, Portugués',			2014,	169,	'7',	'1',	''	),
	(	'561f409d-9088-4f7a-bdfe-2bb8b8373b57',		'JVN-4888',	'El Rey León',				98.80,	107,	'Bluray', 	'Inglés, Español', 	'Español, Inglés, Alemán, Portugués',			1994,	89,		'14',	'1',	''	),
	(	'561f40f5-1450-4087-ab23-2bb8b8373b57',		'IYN-5172',	'Toy Story 3',				21.29,	58, 	'Bluray', 	'Inglés, Español', 	'Español, Inglés, Alemán, Portugués',			2010,	103,	'14',	'1',	''	),
	(	'561f414f-2d9c-428b-8792-2bb8b8373b57',		'USQ-0612',	'Bastardos sin gloria',		82.10,	261,	'Bluray', 	'Inglés',		 	'Español, Inglés, Alemán, Portugués',			2009,	153,	'8',	'1',	''	),
	(	'561f41dd-ee24-41e0-8dc9-2bb8b8373b57',		'ONA-5689',	'Up',						62.90,	265,	'Bluray', 	'Español',			'Español, Inglés, Alemán, Portugués',			2009,	96,		'14',	'1',	''	),
	(	'561f424d-fd4c-4102-bbbf-2bb8b8373b57',		'WJI-0641',	'Una mente brillante',		66.30,	307,	'Bluray', 	'Inglés, Español', 	'Español, Inglés, Alemán, Portugués',			2001,	135,	'15',	'1',	''	),
	(	'561f4439-7a54-42ac-8881-2bb8b8373b57',		'WPZ-9426',	'Rio',						59.17,	341,	'Bluray', 	'Portugués',	 	'Español, Inglés, Alemán, Portugués',			2011,	96,		'14',	'1',	''	),
	(	'561f447e-90d0-4d89-aee4-2bb8b8373b57',		'XGX-0956',	'12 años de esclavitud',	89.53,	339,	'DVD', 		'Inglés',		 	'Español, Inglés, Alemán, Portugués',			2013,	134,	'16',	'1',	''	),
	(	'561f44cd-97ac-4f39-af30-2bb8b8373b57',		'TKF-0440',	'Ciudad de Dios',			83.47,	318,	'Bluray', 	'Portugués',	 	'Español, Inglés, Alemán, Portugués',			2002,	130,	'25',	'1',	''	),
	(	'561f4532-2f00-46ca-be72-2bb8b8373b57',		'HOK-1731',	'La isla siniestra',		36.31,	433,	'Bluray', 	'Español',		 	'Español, Francés, Alemán, Portugués',			2010,	138,	'20',	'1',	''	),
	(	'561f457e-0b90-484f-9292-2bb8b8373b57',		'MQP-6997',	'Relatos salvajes',			9.86, 	47, 	'Bluray', 	'Portugués',		'Español, Francés, Alemán, Portugués',			2014,	122,	'11',	'1',	''	),
	(	'561f45f1-a5e8-4d41-8d21-2bb8b8373b57',		'CQK-2687',	'La vida de Adèle',			89.84,	460,	'DVD', 		'Francés',			'Español, Francés, Alemán, Portugués',			2013,	179,	'9',	'1',	''	),
	(	'561f464a-8ef8-4152-8963-2bb8b8373b57',		'QXV-6266',	'Coco antes de Chanel',		89.04,	421,	'DVD', 		'Francés',		 	'Español, Francés, Alemán, Portugués',			2009,	110,	'15',	'1',	''	),
	(	'561f4691-0b5c-424a-a9de-2bb8b8373b57',		'ZPW-2689',	'El código Enigma',			50.44,	321,	'Bluray', 	'Inglés',		 	'Español, Francés, Alemán, Portugués',			2014,	114,	'15',	'1',	''	),
	(	'561f46d8-c060-4bfc-8eba-2bb8b8373b57',		'YCE-3807',	'El Artista',				70.60,	397,	'DVD', 		'Francés',	 		'Español, Francés, Alemán, Portugués',			2012,	100,	'12',	'1',	''	),
	(	'561f4725-4bcc-49c1-a5d1-2bb8b8373b57',		'LWU-9998',	'Embargo',					33.98,	166,	'DVD', 		'Portugués',		'Español, Francés, Alemán, Portugués',			2010,	83,		'11',	'1',	''	),
	(	'561f4816-2174-472b-9daf-2bb8b8373b57',		'RSZ-1691',	'Lincoln',					6.30, 	13, 	'Bluray', 	'Inglés, Español', 	'Español, Inglés, Francés, Alemán, Portugués',	2012,	150,	'16',	'1',	''	),
	(	'561f48a0-3660-4626-a0c3-2bb8b8373b57',		'WHM-6254',	'Entre los muros',			76.43,	313,	'Bluray', 	'Francés',	 		'Español, Francés, Alemán, Portugués',			2008,	128,	'1',	'1',	''	),
	(	'561f492c-ef68-46da-a3dc-2bb8b8373b57',		'YLZ-1586',	'La vida en rosa',			45.86,	90, 	'Bluray', 	'Francés',	 		'Español, Francés, Alemán, Portugués',			2007,	140,	'17',	'1',	''	),
	(	'561f4975-b214-4ecd-81cf-2bb8b8373b57',		'YRT-0928',	'El Bosque',				78.57,	30, 	'Bluray', 	'Portugués',		'Español, Inglés, Francés, Alemán, Portugués',	2002,	105,	'9',	'1',	''	),
	(	'561f49da-d204-46c2-b9d4-2bb8b8373b57',		'ECP-6086',	'Xica da Silva',			29.78,	112,	'DVD', 		'Portugués',		'Español, Inglés, Francés, Alemán, Portugués',	1976,	107,	'11',	'1',	''	),
	(	'561f4a41-c178-4221-a46a-2bb8b8373b57',		'BDL-2339',	'La profesora de piano',	92.35,	380,	'Bluray', 	'Francés',	 		'Español, Inglés, Francés, Alemán, Portugués',	2001,	130,	'10',	'1',	''	),
	(	'561f4a99-90b0-4ce5-add0-2bb8b8373b57',		'YDG-8492',	'El nombre',				80.75,	53, 	'Bluray', 	'Francés',	 		'Español, Inglés, Francés, Alemán, Portugués',	2012,	109,	'11',	'1',	''	),
	(	'561f4b04-7c8c-4793-8133-2bb8b8373b57',		'CHU-2360',	'Cars',						60.77,	5, 		'DVD', 		'Inglés',		 	'Español, Inglés, Francés, Alemán, Portugués',	2006,	116,	'14',	'1',	''	),
	(	'561f4bab-3014-41cf-ad68-2bb8b8373b57',		'BRP-6633',	'Ted',						53.20,	355,	'Bluray', 	'Español',		 	'Inglés, Francés, Alemán, Portugués',			2012,	106,	'13',	'1',	''	),
	(	'561f4c13-94ac-4dd0-9ae4-2bb8b8373b57',		'ALV-3267',	'Avatar',					11.96,	338,	'Bluray', 	'Español',		 	'Inglés, Francés, Alemán, Portugués',			2009,	162,	'24',	'1',	''	),
	(	'561f4c6c-0644-44d3-96bc-2bb8b8373b57',		'MEQ-9171',	'Medianoche en París',		58.51,	72, 	'Bluray', 	'Español',		 	'Inglés, Francés, Alemán, Portugués',			2011,	94,		'26',	'1',	''	),
	(	'561f4cb2-1fd0-47b7-8f06-2bb8b8373b57',		'IEB-8949',	'Gravedad',					36.34,	397,	'DVD', 		'Inglés',		 	'Español, Inglés',								2013,	91,		'21',	'1',	''	),
	(	'561f4d13-dce0-4bfc-aadd-2bb8b8373b57',		'XRU-6833',	'Cartas desde Iwo Jima',	79.10,	21, 	'DVD', 		'Inglés',		 	'Español, Inglés',								2004,	141,	'27',	'1',	''	),
	(	'561f4d62-3354-461b-8af8-2bb8b8373b57',		'JQC-7000',	'Francotirador',			45.33,	105,	'Bluray', 	'Inglés, Español',	'Español, Inglés',								2014,	132,	'23',	'1',	''	),
	(	'561f4db1-da34-404e-be53-2bb8b8373b57',		'CBV-0812',	'La vida de Pi',			86.98,	255,	'DVD', 		'Inglés',		 	'Español, Inglés',								2012,	127,	'24',	'1',	''	),
	(	'561f4dff-b540-4cff-a711-2bb8b8373b57',		'YWR-7827',	'El lobo de Wall Street',	64.78,	367,	'DVD', 		'Inglés, Español', 	'Español, Inglés',								2013,	180,	'18',	'1',	''	),
	(	'561f4e46-8530-41ca-b409-2bb8b8373b57',		'LCW-9200',	'Beowulf',					63.15,	100,	'Bluray', 	'Español',		 	'Inglés, Francés, Alemán, Portugués',			2007,	115,	'28',	'1',	''	);

INSERT INTO actors ( full_name ) VALUES
	(	'Jean-Baptiste Maunier'	),
	(	'François Berléand'		),
	(	'Jacques Perrin'		),
	(	'Maxence Perrin'		),
	(	'Penélope Cruz'			),
	(	'Carmen Maura'			),
	(	'Lola Dueñas'			),
	(	'Blanca Portillo'		),
	(	'Yohana Cobo'			),
	(	'Pepa Aniorte'			),
	(	'Antonio Banderas'		),
	(	'Elena Anaya'			),
	(	'Marisa Paredes'		),
	(	'Blanca Suárez'			),
	(	'Jan Cornet'			),
	(	'Roberto Álamo'			),
	(	'Liam Neeson'			),
	(	'Ralph Fiennes'			),
	(	'Ben Kingsley'			),
	(	'Edward Norton'			),
	(	'Edward Furlong'		),
	(	'Beverly D\'Angelo'		),
	(	'Jennifer Lien'			),
	(	'Ethan Suplee'			),
	(	'Nerea Camacho'			),
	(	'Carmen Elías'			),
	(	'Mariano Venancio'		),
	(	'Manuela Vellés'		),
	(	'J. K. Simmons'			),
	(	'Miles Teller'			),
	(	'Melissa Benoist'		),
	(	'Austin Stowell'		),
	(	'François Cluzet'		),
	(	'Omar Sy'				),
	(	'Audrey Tautou'			),
	(	'Mathieu Kassovitz'		),
	(	'Isabelle Nanty'		),
	(	'Jamel Debbouze'		),
	(	'Adrien Brody'			),
	(	'Thomas Kretschmann'	),
	(	'Frank Finlay'			),
	(	'Maureen Lipman'		);

INSERT INTO actors_products ( id, product_id, actor_id ) VALUES
	(	1,	'561f3725-eaf4-426a-9a50-2bb8b8373b57',	'Jean-Baptiste Maunier'	),
	(	2,	'561f3725-eaf4-426a-9a50-2bb8b8373b57',	'François Berléand'		),
	(	3,	'561f3725-eaf4-426a-9a50-2bb8b8373b57',	'Jacques Perrin'		),
	(	4,	'561f3725-eaf4-426a-9a50-2bb8b8373b57',	'Maxence Perrin'		),
	(	5,	'561f3802-f9d8-4b8e-bb96-2bb8b8373b57',	'Penélope Cruz'			),
	(	6,	'561f3802-f9d8-4b8e-bb96-2bb8b8373b57',	'Carmen Maura'			),
	(	7,	'561f3802-f9d8-4b8e-bb96-2bb8b8373b57',	'Lola Dueñas'			),
	(	8,	'561f3802-f9d8-4b8e-bb96-2bb8b8373b57',	'Blanca Portillo'		),
	(	9,	'561f3802-f9d8-4b8e-bb96-2bb8b8373b57',	'Yohana Cobo'			),
	(	10,	'561f3802-f9d8-4b8e-bb96-2bb8b8373b57',	'Pepa Aniorte'			),
	(	11,	'561f38d8-af50-4af4-85b9-2bb8b8373b57',	'Antonio Banderas'		),
	(	12,	'561f38d8-af50-4af4-85b9-2bb8b8373b57',	'Elena Anaya'			),
	(	13,	'561f38d8-af50-4af4-85b9-2bb8b8373b57',	'Marisa Paredes'		),
	(	14,	'561f38d8-af50-4af4-85b9-2bb8b8373b57',	'Blanca Suárez'			),
	(	15,	'561f38d8-af50-4af4-85b9-2bb8b8373b57',	'Jan Cornet'			),
	(	16,	'561f38d8-af50-4af4-85b9-2bb8b8373b57',	'Roberto Álamo'			),
	(	17,	'561f3978-6c58-4f33-8cd8-2bb8b8373b57',	'Liam Neeson'			),
	(	18,	'561f3978-6c58-4f33-8cd8-2bb8b8373b57',	'Ralph Fiennes'			),
	(	19,	'561f3978-6c58-4f33-8cd8-2bb8b8373b57',	'Ben Kingsley'			),
	(	20,	'561f3a2a-a6bc-4f60-bc2f-2bb8b8373b57',	'Edward Norton'			),
	(	21,	'561f3a2a-a6bc-4f60-bc2f-2bb8b8373b57',	'Edward Furlong'		),
	(	22,	'561f3a2a-a6bc-4f60-bc2f-2bb8b8373b57',	'Beverly D\'Angelo'		),
	(	23,	'561f3a2a-a6bc-4f60-bc2f-2bb8b8373b57',	'Jennifer Lien'			),
	(	24,	'561f3a2a-a6bc-4f60-bc2f-2bb8b8373b57',	'Ethan Suplee'			),
	(	25,	'561f3ac3-2160-41b2-8982-2bb8b8373b57',	'Nerea Camacho'			),
	(	26,	'561f3ac3-2160-41b2-8982-2bb8b8373b57',	'Carmen Elías'			),
	(	27,	'561f3ac3-2160-41b2-8982-2bb8b8373b57',	'Mariano Venancio'		),
	(	28,	'561f3ac3-2160-41b2-8982-2bb8b8373b57',	'Manuela Vellés'		),
	(	29,	'561f3bdc-8120-46b2-a54d-2bb8b8373b57',	'J. K. Simmons'			),
	(	30,	'561f3bdc-8120-46b2-a54d-2bb8b8373b57',	'Miles Teller'			),
	(	31,	'561f3bdc-8120-46b2-a54d-2bb8b8373b57',	'Melissa Benoist'		),
	(	32,	'561f3bdc-8120-46b2-a54d-2bb8b8373b57',	'Austin Stowell'		),
	(	33,	'561f3c76-14fc-4e56-a506-2bb8b8373b57',	'François Cluzet'		),
	(	34,	'561f3c76-14fc-4e56-a506-2bb8b8373b57',	'Omar Sy'				),
	(	35,	'561f3d16-f3c8-4909-88a7-2bb8b8373b57',	'Audrey Tautou'			),
	(	36,	'561f3d16-f3c8-4909-88a7-2bb8b8373b57',	'Mathieu Kassovitz'		),
	(	37,	'561f3d16-f3c8-4909-88a7-2bb8b8373b57',	'Isabelle Nanty'		),
	(	38,	'561f3d16-f3c8-4909-88a7-2bb8b8373b57',	'Jamel Debbouze'		),
	(	39,	'561f3d94-8550-49f2-b072-2bb8b8373b57',	'Adrien Brody'			),
	(	40,	'561f3d94-8550-49f2-b072-2bb8b8373b57',	'Thomas Kretschmann'	),
	(	41,	'561f3d94-8550-49f2-b072-2bb8b8373b57',	'Frank Finlay'			),
	(	42,	'561f3d94-8550-49f2-b072-2bb8b8373b57',	'Maureen Lipman'		);

